{"type": "FeatureCollection", "features": [{"type": "Feature", "geometry": {"type": "MultiPolygon", "coordinates": [[[[91.231120201, 27.268618411], [91.231133098, 27.269099929], [91.230973696, 27.269101331], [91.230813, 27.26966731], [91.230399749, 27.270050779], [91.230425506, 27.270321864], [91.230813536, 27.270404931], [91.230887335, 27.270902815], [91.231435498, 27.272084975], [91.231482775, 27.272586483], [91.232381081, 27.273511203], [91.23301059, 27.27277651], [91.232459365, 27.272350661], [91.232782737, 27.272076502], [91.232347814, 27.271871764], [91.232095628, 27.271717981], [91.231505867, 27.270549756], [91.231291335, 27.270368509], [91.230922245, 27.26993766], [91.230875063, 27.269788854], [91.230873094, 27.26961015], [91.230929679, 27.269929311], [91.231521034, 27.270548193], [91.232095588, 27.271708208], [91.232626024, 27.271964702], [91.232790535, 27.272081965], [91.232469846, 27.272349721], [91.233019192, 27.272777282], [91.232378756, 27.273553616], [91.233309875, 27.274083619], [91.233382387, 27.274462858], [91.234050738, 27.275176019], [91.233995555, 27.275678487], [91.234321797, 27.276347179], [91.235095166, 27.276944088], [91.235628053, 27.276389916], [91.235940271, 27.275790207], [91.235892324, 27.275573558], [91.236904856, 27.27514403], [91.236105051, 27.273529835], [91.235385437, 27.272986725], [91.235913265, 27.272663237], [91.235090687, 27.27241951], [91.235247768, 27.272207834], [91.234784227, 27.271479304], [91.233704476, 27.27131924], [91.233536909, 27.270581312], [91.233788324, 27.26997536], [91.232506104, 27.26866387], [91.231518087, 27.26821468], [91.231120201, 27.268618411]]]]}, "properties": {"saz_id": 1397, "town": "Mongar", "db_town": "Monggar Town", "dzongkhag": "Monggar", "lap_name": "Lap 1", "area_code": "01", "zone_type": "lap", "local_area_group": "LA 1", "division": null, "index": 64.0133, "has_data": true, "category": "High Liveable", "color": "#92D050"}}, {"type": "Feature", "geometry": {"type": "MultiPolygon", "coordinates": [[[[91.238114205, 27.273956194], [91.238646331, 27.273937893], [91.239676698, 27.273589005], [91.23997452, 27.273015566], [91.240049955, 27.272960535], [91.241052158, 27.272815744], [91.239377497, 27.272667503], [91.241151818, 27.272203289], [91.240452266, 27.272209493], [91.239825886, 27.271956826], [91.239974493, 27.271642927], [91.239835514, 27.271453892], [91.240286309, 27.27096064], [91.240208763, 27.270825422], [91.239620648, 27.27127912], [91.238120526, 27.273154299], [91.237766079, 27.272736131], [91.237801313, 27.273170714], [91.237495501, 27.273023924], [91.237307144, 27.271122922], [91.236132685, 27.272193361], [91.235879566, 27.272684855], [91.235365358, 27.272947616], [91.236102549, 27.273593448], [91.236617045, 27.274730502], [91.236908761, 27.275014672], [91.236520217, 27.275601149], [91.236516141, 27.276606881], [91.236807355, 27.276808164], [91.237065746, 27.276792289], [91.238045549, 27.275995374], [91.238439908, 27.27589675], [91.23882192, 27.276056453], [91.238774035, 27.27585302], [91.237996009, 27.27564246], [91.238953971, 27.275620389], [91.238676758, 27.275310262], [91.239346668, 27.275372282], [91.239778528, 27.275912074], [91.239987973, 27.275597637], [91.239939482, 27.275339848], [91.240773814, 27.275142184], [91.24230705, 27.273511312], [91.242153461, 27.273376771], [91.241226841, 27.273480128], [91.241711377, 27.273285562], [91.241664696, 27.273190843], [91.240035803, 27.273055794], [91.239691906, 27.27358887], [91.238676747, 27.273937624], [91.238175036, 27.273955656], [91.236920407, 27.275004446], [91.238114205, 27.273956194]]]]}, "properties": {"saz_id": 1398, "town": "Mongar", "db_town": "Monggar Town", "dzongkhag": "Monggar", "lap_name": "Lap 2", "area_code": "02", "zone_type": "lap", "local_area_group": "LA 2", "division": null, "index": 67.36, "has_data": true, "category": "High Liveable", "color": "#92D050"}}, {"type": "Feature", "geometry": {"type": "MultiPolygon", "coordinates": [[[[91.240764241, 27.279414772], [91.240882156, 27.279760284], [91.240867249, 27.279787597], [91.241002013, 27.279596135], [91.241239311, 27.279050411], [91.241997171, 27.278812646], [91.242418021, 27.278360424], [91.242256112, 27.277478482], [91.243395458, 27.275986999], [91.245110041, 27.275618398], [91.244140046, 27.273194334], [91.244065823, 27.27335808], [91.242356561, 27.274202287], [91.24210271, 27.274625846], [91.24185611, 27.275701682], [91.240789013, 27.27685275], [91.239472979, 27.277503168], [91.238699461, 27.277700286], [91.239111898, 27.277859719], [91.239157976, 27.277900083], [91.238623268, 27.277687371], [91.237033508, 27.277498225], [91.236740063, 27.277255546], [91.236401868, 27.276932364], [91.236535433, 27.276632193], [91.23653981, 27.275653639], [91.236883879, 27.275134159], [91.236292268, 27.275275294], [91.235900165, 27.275577749], [91.235635288, 27.276381927], [91.23510916, 27.276943783], [91.234926209, 27.276904627], [91.234887946, 27.277570898], [91.234692941, 27.277817248], [91.234762639, 27.278618472], [91.234256661, 27.279628633], [91.234419413, 27.280592121], [91.23484511, 27.280574773], [91.234987249, 27.281049185], [91.235395634, 27.280841722], [91.23560495, 27.280513702], [91.235942552, 27.280782529], [91.236667776, 27.280347519], [91.238073903, 27.281640266], [91.239423289, 27.281934101], [91.239702906, 27.281089015], [91.240867174, 27.279780802], [91.240812358, 27.279638589], [91.240764241, 27.279414772]]]]}, "properties": {"saz_id": 1399, "town": "Mongar", "db_town": "Monggar Town", "dzongkhag": "Monggar", "lap_name": "Lap 3", "area_code": "03", "zone_type": "lap", "local_area_group": "LA 3", "division": null, "index": 65.85, "has_data": true, "category": "High Liveable", "color": "#92D050"}}, {"type": "Feature", "geometry": {"type": "MultiPolygon", "coordinates": [[[[91.238899221, 27.275595288], [91.239061974, 27.276923265], [91.239537602, 27.277030967], [91.240429356, 27.276331223], [91.241654384, 27.275567471], [91.242396381, 27.274031375], [91.241585535, 27.27415388], [91.240516164, 27.275262171], [91.239890173, 27.275284677], [91.239943385, 27.275633517], [91.239812779, 27.275834765], [91.239486851, 27.275535821], [91.238899221, 27.275595288]]], [[[91.23886661, 27.277616836], [91.239412579, 27.27756452], [91.240914216, 27.276757627], [91.241730913, 27.275794014], [91.242042683, 27.275160451], [91.241555963, 27.275761653], [91.239431361, 27.277204868], [91.239111369, 27.277099179], [91.238887718, 27.276782371], [91.238920636, 27.277012693], [91.238883438, 27.27708085], [91.238785292, 27.277129198], [91.238561645, 27.277151263], [91.238909232, 27.277011098], [91.238759412, 27.276164581], [91.238389674, 27.276022026], [91.238184911, 27.276210364], [91.238280181, 27.276073866], [91.238389636, 27.276018635], [91.238567966, 27.276013665], [91.238479251, 27.275885578], [91.237935094, 27.276100659], [91.237042647, 27.277081878], [91.236515442, 27.276771989], [91.236999744, 27.277491766], [91.238961996, 27.277661774], [91.238786593, 27.277588717], [91.238679465, 27.277511665], [91.238583196, 27.277387036], [91.238566962, 27.277292221], [91.23837732, 27.277304074], [91.238339181, 27.277287455], [91.238219499, 27.276420323], [91.238342901, 27.277280639], [91.238563197, 27.277190261], [91.23886661, 27.277616836]]]]}, "properties": {"saz_id": 1400, "town": "Mongar", "db_town": "Monggar Town", "dzongkhag": "Monggar", "lap_name": "Lap 4", "area_code": "04", "zone_type": "lap", "local_area_group": "LA 4", "division": null, "index": 67.7133, "has_data": true, "category": "High Liveable", "color": "#92D050"}}, {"type": "Feature", "geometry": {"type": "MultiPolygon", "coordinates": [[[[91.244268696, 27.273013004], [91.244130062, 27.273181436], [91.245114035, 27.275637305], [91.245882909, 27.275958126], [91.246373105, 27.276359722], [91.247241337, 27.276474298], [91.247716587, 27.276809821], [91.24844476, 27.27664024], [91.248760486, 27.276311251], [91.248535723, 27.275253202], [91.248685239, 27.273661785], [91.249479541, 27.273967274], [91.250089224, 27.272725097], [91.250036454, 27.272086817], [91.24899459, 27.271403009], [91.247802304, 27.272229074], [91.247245432, 27.272202091], [91.247212779, 27.272012245], [91.246478569, 27.271638255], [91.246013501, 27.272213197], [91.245540852, 27.272108682], [91.245264843, 27.271907282], [91.245246303, 27.271608456], [91.244849392, 27.271476084], [91.24458496, 27.270948408], [91.244328098, 27.271100188], [91.243288242, 27.270592994], [91.242786246, 27.270583863], [91.242220096, 27.27027631], [91.241985036, 27.269653234], [91.241095806, 27.27038142], [91.240761394, 27.270397977], [91.241219638, 27.271805165], [91.2407059, 27.272108713], [91.240143217, 27.272113701], [91.24114828, 27.272227103], [91.23941928, 27.272663736], [91.241078281, 27.272771343], [91.240031662, 27.273025252], [91.240642237, 27.273223696], [91.241646102, 27.273228381], [91.24123821, 27.273476629], [91.242302606, 27.273453592], [91.24174747, 27.274138043], [91.244051051, 27.273397284], [91.244161593, 27.272872265], [91.244268696, 27.273013004]]]]}, "properties": {"saz_id": 1401, "town": "Mongar", "db_town": "Monggar Town", "dzongkhag": "Monggar", "lap_name": "Lap 5", "area_code": "05", "zone_type": "lap", "local_area_group": "LA 5", "division": null, "index": 63.8733, "has_data": true, "category": "High Liveable", "color": "#92D050"}}, {"type": "Feature", "geometry": {"type": "Polygon", "coordinates": [[[89.327360081, 26.876369647], [89.328612307, 26.880025462], [89.331823988, 26.883356206], [89.334677953, 26.885791014], [89.335072844, 26.885676203], [89.334282295, 26.883385223], [89.335302581, 26.881592957], [89.336652476, 26.881877916], [89.337723637, 26.882676124], [89.338290401, 26.883390119], [89.34041635, 26.883804051], [89.342157083, 26.883672859], [89.350025784, 26.885032698], [89.351525786, 26.886251569], [89.354113153, 26.887503261], [89.357744153, 26.888286007], [89.364205925, 26.888510265], [89.366394138, 26.88893802], [89.369735967, 26.88866042], [89.370261944, 26.889066759], [89.370506364, 26.8898175], [89.370774359, 26.889818694], [89.371698789, 26.888762325], [89.373141231, 26.888146199], [89.375333227, 26.887891222], [89.376573944, 26.888286765], [89.377695954, 26.887664825], [89.378165151, 26.887095727], [89.37696143, 26.886329452], [89.376986492, 26.885654788], [89.376299809, 26.885159826], [89.376475174, 26.885052636], [89.376309201, 26.884863838], [89.376527372, 26.88438767], [89.375728675, 26.884488624], [89.375559491, 26.884177916], [89.37188837, 26.883627049], [89.368833253, 26.885455786], [89.366875331, 26.885530611], [89.356761662, 26.88311147], [89.351070798, 26.880910504], [89.345279769, 26.877596125], [89.339609305, 26.874978615], [89.333451837, 26.870686889], [89.331555144, 26.870956548], [89.328374178, 26.873003224], [89.327467133, 26.874029788], [89.327360081, 26.876369647]]]}, "properties": {"saz_id": 84, "town": "Phuentsholing", "db_town": "Phuentshogling Thromde", "dzongkhag": "Chhukha", "lap_name": "Lap 1", "area_code": "01", "zone_type": "lap", "local_area_group": "Toorsatar", "division": null, "index": null, "has_data": false, "category": "Data not available", "color": "#FFFFFF"}}, {"type": "Feature", "geometry": {"type": "Polygon", "coordinates": [[[89.374999127, 26.866916193], [89.375512911, 26.868060033], [89.374616263, 26.868361085], [89.374573232, 26.869476886], [89.374610824, 26.868362385], [89.375505253, 26.868060191], [89.374987933, 26.866920169], [89.374577192, 26.867085951], [89.37093342, 26.867182059], [89.371989711, 26.869378908], [89.37308209, 26.874141119], [89.373555471, 26.873892776], [89.375918403, 26.873338309], [89.375440707, 26.871886], [89.375944011, 26.873351416], [89.373592052, 26.873907077], [89.373093434, 26.874183483], [89.373242791, 26.876954765], [89.372678076, 26.88118624], [89.371887398, 26.883704207], [89.375543244, 26.88420799], [89.375697065, 26.884487286], [89.376481977, 26.884421098], [89.376293184, 26.884852121], [89.376447352, 26.885068729], [89.376283734, 26.885158557], [89.376964539, 26.885663071], [89.377063838, 26.885969987], [89.376953066, 26.886338665], [89.377348381, 26.886493647], [89.378067352, 26.887123701], [89.378972263, 26.885713702], [89.379399183, 26.885771301], [89.379672879, 26.885438163], [89.379597294, 26.885054733], [89.380854684, 26.883813439], [89.381193356, 26.882958175], [89.380941581, 26.882121222], [89.381326397, 26.881349746], [89.381165823, 26.880882359], [89.381685293, 26.879630857], [89.382392885, 26.878778075], [89.381784752, 26.878481997], [89.381724358, 26.878161323], [89.383133246, 26.877610246], [89.383589696, 26.877946578], [89.384623562, 26.877797844], [89.384486318, 26.877323598], [89.384169752, 26.876973947], [89.384294215, 26.876939662], [89.384056718, 26.876332635], [89.383777518, 26.876254798], [89.383639524, 26.875919856], [89.383128579, 26.877039061], [89.382382064, 26.877196005], [89.381194654, 26.87698533], [89.381284412, 26.874794226], [89.381025873, 26.873776141], [89.381059294, 26.872987453], [89.380492998, 26.872859594], [89.38026924, 26.872586961], [89.379697029, 26.870696819], [89.379409814, 26.870667697], [89.37918077, 26.870924312], [89.378830724, 26.870623376], [89.378184128, 26.869509079], [89.378152885, 26.86933714], [89.378527593, 26.868944663], [89.377941237, 26.867783448], [89.377228015, 26.867964326], [89.377935798, 26.867784749], [89.37788799, 26.867567363], [89.376993163, 26.866761986], [89.377017625, 26.86661053], [89.377476537, 26.86639163], [89.377347324, 26.86605849], [89.376090687, 26.86620285], [89.375460277, 26.866743562], [89.375570761, 26.867039021], [89.375457753, 26.866754566], [89.374999127, 26.866916193]]]}, "properties": {"saz_id": 1381, "town": "Phuentsholing", "db_town": "Phuentshogling Thromde", "dzongkhag": "Chhukha", "lap_name": "Lap 2", "area_code": "02", "zone_type": "lap", "local_area_group": "Amo Chu lap", "division": null, "index": 62.0633, "has_data": true, "category": "High Liveable", "color": "#92D050"}}, {"type": "Feature", "geometry": {"type": "Polygon", "coordinates": [[[89.386885619, 26.870374363], [89.389297716, 26.870554805], [89.38956628, 26.870441906], [89.39015411, 26.868727027], [89.390073072, 26.86826957], [89.390762194, 26.867396202], [89.39070553, 26.866375521], [89.390138844, 26.866324319], [89.38924595, 26.865913856], [89.388480274, 26.866038318], [89.387933697, 26.866580346], [89.387445313, 26.866771521], [89.386565197, 26.867682572], [89.386627826, 26.86786068], [89.385980094, 26.868254463], [89.385907898, 26.86814009], [89.384848132, 26.86878588], [89.384372436, 26.868244858], [89.384169632, 26.86876377], [89.383328011, 26.8687453], [89.382615005, 26.870071715], [89.381637783, 26.869814511], [89.380781329, 26.870200826], [89.380634027, 26.870507965], [89.380565142, 26.870321338], [89.380282713, 26.870482917], [89.380245622, 26.870163215], [89.379689255, 26.870709303], [89.380269359, 26.872576406], [89.380477582, 26.872848971], [89.381040912, 26.872986829], [89.381033782, 26.873761267], [89.381272882, 26.874783184], [89.381184171, 26.876989095], [89.382388079, 26.877172415], [89.383120916, 26.877031083], [89.384173001, 26.874772778], [89.384412741, 26.874606652], [89.384700793, 26.8735866], [89.385015314, 26.873236214], [89.385784433, 26.8728434], [89.385502204, 26.872608831], [89.385794264, 26.871922264], [89.386608937, 26.871361601], [89.386942814, 26.871380463], [89.387539841, 26.870850196], [89.388068464, 26.870761935], [89.388283351, 26.870520816], [89.386885619, 26.870374363]]]}, "properties": {"saz_id": 86, "town": "Phuentsholing", "db_town": "Phuentshogling Thromde", "dzongkhag": "Chhukha", "lap_name": "Lap 3", "area_code": "03", "zone_type": "lap", "local_area_group": "Dhamdara lap", "division": null, "index": 65.36, "has_data": true, "category": "High Liveable", "color": "#92D050"}}, {"type": "Feature", "geometry": {"type": "Polygon", "coordinates": [[[89.376381101, 26.861385172], [89.367576143, 26.858241218], [89.369403789, 26.863368974], [89.370979589, 26.867193921], [89.374044054, 26.867097818], [89.375488807, 26.866715015], [89.375830265, 26.866410915], [89.375569268, 26.865852527], [89.375609592, 26.865581054], [89.375129974, 26.865234145], [89.375186346, 26.864515649], [89.374794273, 26.863255349], [89.375366503, 26.862293165], [89.375884268, 26.862055144], [89.376381101, 26.861385172]]]}, "properties": {"saz_id": 87, "town": "Phuentsholing", "db_town": "Phuentshogling Thromde", "dzongkhag": "Chhukha", "lap_name": "Lap 4a", "area_code": "04", "zone_type": "lap", "local_area_group": "Core a, b, c, d, e, f, g, h, i, j, k, l, m", "division": null, "index": 68.63, "has_data": true, "category": "High Liveable", "color": "#92D050"}}, {"type": "Feature", "geometry": {"type": "Polygon", "coordinates": [[[89.376379276, 26.861374934], [89.375878579, 26.862041406], [89.375314199, 26.862282704], [89.374780742, 26.863255507], [89.375183415, 26.864530002], [89.375125185, 26.865233254], [89.375626466, 26.865564005], [89.375564441, 26.865858601], [89.375836821, 26.866465796], [89.376105946, 26.866251056], [89.37726411, 26.866078544], [89.379056366, 26.864989372], [89.380285738, 26.864573357], [89.380197337, 26.864405799], [89.37986354, 26.864376474], [89.379718109, 26.863985771], [89.378873957, 26.864241281], [89.379045341, 26.864163919], [89.378865074, 26.862331217], [89.376379276, 26.861374934]]]}, "properties": {"saz_id": 88, "town": "Phuentsholing", "db_town": "Phuentshogling Thromde", "dzongkhag": "Chhukha", "lap_name": "Lap 4b", "area_code": "05", "zone_type": "lap", "local_area_group": "Core a, b, c, d, e, f, g, h, i, j, k, l, m", "division": null, "index": 68.63, "has_data": true, "category": "High Liveable", "color": "#92D050"}}, {"type": "Feature", "geometry": {"type": "Polygon", "coordinates": [[[89.379868356, 26.86472825], [89.377385613, 26.866039899], [89.377448539, 26.866392599], [89.376988524, 26.866752977], [89.377851148, 26.867542999], [89.378378182, 26.868454307], [89.378527021, 26.868932094], [89.378148038, 26.869351835], [89.378863253, 26.87065055], [89.379191854, 26.870923646], [89.379414669, 26.870656455], [89.379833861, 26.870696605], [89.380232867, 26.870165499], [89.380281603, 26.870486123], [89.380565884, 26.870341095], [89.380642545, 26.870526015], [89.380787784, 26.870241068], [89.380638668, 26.869812041], [89.380797681, 26.869137091], [89.382115776, 26.867408465], [89.382642055, 26.867034631], [89.382149639, 26.866179213], [89.381614034, 26.865820308], [89.381842004, 26.865901428], [89.382348073, 26.86531506], [89.382282292, 26.865061558], [89.38235001, 26.865315939], [89.383672352, 26.864940353], [89.383776464, 26.864717913], [89.383544183, 26.864598894], [89.383786664, 26.864716651], [89.384243288, 26.863577397], [89.383422616, 26.863462373], [89.38290554, 26.863575046], [89.381654913, 26.864243706], [89.379868356, 26.86472825]]]}, "properties": {"saz_id": 89, "town": "Phuentsholing", "db_town": "Phuentshogling Thromde", "dzongkhag": "Chhukha", "lap_name": "Lap 4c", "area_code": "06", "zone_type": "lap", "local_area_group": "Core a, b, c, d, e, f, g, h, i, j, k, l, m", "division": null, "index": 68.63, "has_data": true, "category": "High Liveable", "color": "#92D050"}}, {"type": "Feature", "geometry": {"type": "MultiPolygon", "coordinates": [[[[89.378836573, 26.862764468], [89.378836496, 26.862764472], [89.378836486, 26.862766214], [89.378836573, 26.862764468]]], [[[89.378836573, 26.862764468], [89.378940636, 26.862758161], [89.378837467, 26.862764477], [89.378887453, 26.863210484], [89.379097915, 26.863191063], [89.378887444, 26.863212226], [89.378942075, 26.863518945], [89.379284642, 26.863524691], [89.378941095, 26.863520682], [89.379048178, 26.864177645], [89.379708374, 26.863990735], [89.379846449, 26.862882095], [89.379566285, 26.862891127], [89.379845487, 26.862880349], [89.379649623, 26.862561464], [89.379846675, 26.862306576], [89.380203707, 26.862346452], [89.380372124, 26.861725525], [89.380019442, 26.861600342], [89.378908916, 26.86230246], [89.379081432, 26.86246081], [89.378858308, 26.862325746], [89.378836573, 26.862764468]]]]}, "properties": {"saz_id": 90, "town": "Phuentsholing", "db_town": "Phuentshogling Thromde", "dzongkhag": "Chhukha", "lap_name": "Lap 4d", "area_code": "07", "zone_type": "lap", "local_area_group": "Core a, b, c, d, e, f, g, h, i, j, k, l, m", "division": null, "index": 68.63, "has_data": true, "category": "High Liveable", "color": "#92D050"}}, {"type": "Feature", "geometry": {"type": "Polygon", "coordinates": [[[89.381536696, 26.862691365], [89.379860166, 26.862820064], [89.37984951, 26.863216395], [89.380192053, 26.863171362], [89.379847566, 26.863216822], [89.379703102, 26.86398391], [89.379864027, 26.864381646], [89.380437687, 26.86457571], [89.38143715, 26.864304952], [89.381360429, 26.864131642], [89.381437169, 26.86430147], [89.381717227, 26.864215627], [89.382356273, 26.863810942], [89.382076004, 26.863221138], [89.381077144, 26.863141405], [89.381536696, 26.862691365]]]}, "properties": {"saz_id": 91, "town": "Phuentsholing", "db_town": "Phuentshogling Thromde", "dzongkhag": "Chhukha", "lap_name": "Lap 4e", "area_code": "08", "zone_type": "lap", "local_area_group": "Core a, b, c, d, e, f, g, h, i, j, k, l, m", "division": null, "index": 68.63, "has_data": true, "category": "High Liveable", "color": "#92D050"}}, {"type": "Feature", "geometry": {"type": "MultiPolygon", "coordinates": [[[[89.380363063, 26.861718193], [89.380196586, 26.862339455], [89.379771077, 26.862395054], [89.379840436, 26.862849853], [89.381655208, 26.862604978], [89.381683393, 26.862420518], [89.381507117, 26.862400457], [89.381679514, 26.86241963], [89.381809333, 26.861397148], [89.380409341, 26.86138173], [89.380022058, 26.861587837], [89.380363063, 26.861718193]]], [[[89.380409341, 26.86138173], [89.3804115, 26.861380581], [89.380395968, 26.861380513], [89.380409341, 26.86138173]]]]}, "properties": {"saz_id": 92, "town": "Phuentsholing", "db_town": "Phuentshogling Thromde", "dzongkhag": "Chhukha", "lap_name": "Lap 4f", "area_code": "09", "zone_type": "lap", "local_area_group": "Core a, b, c, d, e, f, g, h, i, j, k, l, m", "division": null, "index": 68.63, "has_data": true, "category": "High Liveable", "color": "#92D050"}}, {"type": "Feature", "geometry": {"type": "Polygon", "coordinates": [[[89.381831165, 26.861276328], [89.381668688, 26.862619077], [89.381139505, 26.862967428], [89.381121172, 26.863192092], [89.382073401, 26.863214542], [89.382356752, 26.863773015], [89.383195916, 26.863387485], [89.383756831, 26.8634031], [89.383761517, 26.863075745], [89.383282849, 26.862909099], [89.383490731, 26.861720656], [89.383341303, 26.861349095], [89.381831165, 26.861276328]]]}, "properties": {"saz_id": 93, "town": "Phuentsholing", "db_town": "Phuentshogling Thromde", "dzongkhag": "Chhukha", "lap_name": "Lap 4g", "area_code": "10", "zone_type": "lap", "local_area_group": "Core a, b, c, d, e, f, g, h, i, j, k, l, m", "division": null, "index": 68.63, "has_data": true, "category": "High Liveable", "color": "#92D050"}}, {"type": "Feature", "geometry": {"type": "MultiPolygon", "coordinates": [[[[89.383378591, 26.868772601], [89.383379873, 26.868777299], [89.383381243, 26.868773772], [89.383378591, 26.868772601]]], [[[89.383381243, 26.868773772], [89.384169998, 26.868773705], [89.384374283, 26.868250192], [89.384846185, 26.868794246], [89.386638069, 26.867869371], [89.386581475, 26.867690805], [89.387175408, 26.867195961], [89.387158106, 26.867008181], [89.387014762, 26.866906668], [89.386320283, 26.867126555], [89.386122628, 26.867121716], [89.387012165, 26.866903137], [89.387168546, 26.867012919], [89.38721235, 26.867137464], [89.387441901, 26.866777125], [89.387937386, 26.866586873], [89.388466144, 26.866047162], [89.389428125, 26.864242306], [89.389409792, 26.863758885], [89.388801219, 26.863575588], [89.387706138, 26.863861793], [89.385565814, 26.863922897], [89.384228267, 26.863569822], [89.383647834, 26.864953968], [89.38228283, 26.865319901], [89.381850601, 26.865904592], [89.382644836, 26.867030043], [89.382068575, 26.867436518], [89.380786555, 26.869131988], [89.380631173, 26.869800008], [89.380767403, 26.870246405], [89.381770471, 26.869815554], [89.382623241, 26.870080896], [89.383945954, 26.867396597], [89.383381243, 26.868773772]]]]}, "properties": {"saz_id": 94, "town": "Phuentsholing", "db_town": "Phuentshogling Thromde", "dzongkhag": "Chhukha", "lap_name": "Lap 4h", "area_code": "11", "zone_type": "lap", "local_area_group": "Core a, b, c, d, e, f, g, h, i, j, k, l, m", "division": null, "index": 68.63, "has_data": true, "category": "High Liveable", "color": "#92D050"}}, {"type": "Feature", "geometry": {"type": "Polygon", "coordinates": [[[89.384838392, 26.858304642], [89.384571337, 26.858143275], [89.384468402, 26.857791072], [89.385023691, 26.857069081], [89.38511929, 26.856623708], [89.384995611, 26.856337587], [89.384778284, 26.856315745], [89.384449712, 26.856760104], [89.38357823, 26.859222946], [89.380388216, 26.861377867], [89.381809262, 26.861410208], [89.381817861, 26.861257006], [89.383347358, 26.861340305], [89.383500026, 26.861695991], [89.383724884, 26.861763143], [89.383974127, 26.861585087], [89.386255699, 26.86190149], [89.386497068, 26.861787607], [89.386805492, 26.860400209], [89.384547042, 26.859762636], [89.384838392, 26.858304642]]]}, "properties": {"saz_id": 95, "town": "Phuentsholing", "db_town": "Phuentshogling Thromde", "dzongkhag": "Chhukha", "lap_name": "Lap 4i", "area_code": "12", "zone_type": "lap", "local_area_group": "Core a, b, c, d, e, f, g, h, i, j, k, l, m", "division": null, "index": 68.63, "has_data": true, "category": "High Liveable", "color": "#92D050"}}, {"type": "Feature", "geometry": {"type": "Polygon", "coordinates": [[[89.38627459, 26.85608983], [89.385136816, 26.85538486], [89.384999701, 26.857045523], [89.384452084, 26.85778496], [89.384558864, 26.858144146], [89.38482198, 26.858315944], [89.384875655, 26.8581284], [89.384517566, 26.859766262], [89.38730325, 26.860513706], [89.387436698, 26.859889135], [89.385853721, 26.859645443], [89.386065283, 26.858539019], [89.38667384, 26.858778322], [89.387654042, 26.858787958], [89.386994873, 26.858060737], [89.387345432, 26.857689562], [89.387364143, 26.857459784], [89.388389694, 26.858099821], [89.38914879, 26.857744382], [89.389552351, 26.857794883], [89.389568929, 26.857599922], [89.388444947, 26.857211965], [89.388602246, 26.856843476], [89.388093097, 26.8562109], [89.38627459, 26.85608983]]]}, "properties": {"saz_id": 96, "town": "Phuentsholing", "db_town": "Phuentshogling Thromde", "dzongkhag": "Chhukha", "lap_name": "Lap 4j", "area_code": "13", "zone_type": "lap", "local_area_group": "Core a, b, c, d, e, f, g, h, i, j, k, l, m", "division": null, "index": 68.63, "has_data": true, "category": "High Liveable", "color": "#92D050"}}, {"type": "Feature", "geometry": {"type": "Polygon", "coordinates": [[[89.386486448, 26.861776678], [89.387438946, 26.861927518], [89.387568694, 26.86135909], [89.387405621, 26.861332728], [89.387573562, 26.861356499], [89.387445797, 26.862007215], [89.387798649, 26.862102776], [89.388049054, 26.861031182], [89.388561086, 26.860816354], [89.389585693, 26.861231116], [89.39031264, 26.861805419], [89.392071635, 26.862544366], [89.3922364, 26.862231629], [89.390936353, 26.861355353], [89.390581614, 26.86088714], [89.390424539, 26.861213839], [89.387618587, 26.858763806], [89.386671037, 26.858780595], [89.386066576, 26.858541146], [89.385843227, 26.859633752], [89.387441698, 26.859884477], [89.387321944, 26.860489952], [89.387621299, 26.860554715], [89.386812765, 26.860401547], [89.386486448, 26.861776678]]]}, "properties": {"saz_id": 97, "town": "Phuentsholing", "db_town": "Phuentshogling Thromde", "dzongkhag": "Chhukha", "lap_name": "Lap 4k", "area_code": "14", "zone_type": "lap", "local_area_group": "Core a, b, c, d, e, f, g, h, i, j, k, l, m", "division": null, "index": 68.63, "has_data": true, "category": "High Liveable", "color": "#92D050"}}, {"type": "Feature", "geometry": {"type": "MultiPolygon", "coordinates": [[[[89.383762569, 26.863070567], [89.383756942, 26.863393741], [89.385296123, 26.86384623], [89.387225769, 26.863903365], [89.388508809, 26.863609407], [89.389378364, 26.863661923], [89.389620353, 26.863070905], [89.389258817, 26.862783761], [89.388966501, 26.862984495], [89.387225919, 26.863066437], [89.387436018, 26.861907806], [89.386551472, 26.861757696], [89.386256403, 26.861904431], [89.383958426, 26.861593617], [89.38372844, 26.861756302], [89.383519417, 26.861633496], [89.383301878, 26.862454469], [89.383299536, 26.862886316], [89.384010853, 26.863116229], [89.383762569, 26.863070567]]], [[[89.383762569, 26.863070567], [89.383762581, 26.863069872], [89.383758698, 26.863069855], [89.383762569, 26.863070567]]]]}, "properties": {"saz_id": 98, "town": "Phuentsholing", "db_town": "Phuentshogling Thromde", "dzongkhag": "Chhukha", "lap_name": "lap 4l", "area_code": "15", "zone_type": "lap", "local_area_group": "Core a, b, c, d, e, f, g, h, i, j, k, l, m", "division": null, "index": 68.63, "has_data": true, "category": "High Liveable", "color": "#92D050"}}, {"type": "Feature", "geometry": {"type": "Polygon", "coordinates": [[[89.390261288, 26.86177554], [89.388500421, 26.860847625], [89.388039309, 26.861026732], [89.387801107, 26.861995639], [89.388866794, 26.862366747], [89.388799948, 26.862656454], [89.388865031, 26.862367669], [89.387437994, 26.862002773], [89.38723038, 26.863058879], [89.38896854, 26.862977593], [89.38924917, 26.862783773], [89.388948839, 26.862669287], [89.389475956, 26.862854407], [89.38961849, 26.863067469], [89.389409526, 26.863655147], [89.390533696, 26.863658256], [89.392205373, 26.864029398], [89.393680734, 26.864078396], [89.393719834, 26.86329974], [89.393057772, 26.862386167], [89.39224506, 26.862234659], [89.39207448, 26.86254563], [89.390261288, 26.86177554]]]}, "properties": {"saz_id": 99, "town": "Phuentsholing", "db_town": "Phuentshogling Thromde", "dzongkhag": "Chhukha", "lap_name": "Lap 4m", "area_code": "16", "zone_type": "lap", "local_area_group": "Core a, b, c, d, e, f, g, h, i, j, k, l, m", "division": null, "index": 68.63, "has_data": true, "category": "High Liveable", "color": "#92D050"}}, {"type": "Feature", "geometry": {"type": "Polygon", "coordinates": [[[89.392220262, 26.864024945], [89.391348199, 26.863714714], [89.389422399, 26.863664617], [89.389311128, 26.864137786], [89.389427024, 26.864249734], [89.389096575, 26.865042367], [89.388455017, 26.865917239], [89.388462109, 26.866042648], [89.389456693, 26.865956396], [89.390130388, 26.866328473], [89.390686131, 26.866188925], [89.390534502, 26.866281457], [89.390781982, 26.866477557], [89.390769252, 26.867403906], [89.390136319, 26.868118617], [89.39016391, 26.868766522], [89.389668858, 26.869837063], [89.389516579, 26.870714051], [89.389897895, 26.870576389], [89.390056742, 26.869922323], [89.390243963, 26.869769891], [89.391237161, 26.869948308], [89.392465856, 26.869661046], [89.392720444, 26.86998255], [89.393030701, 26.870060503], [89.393820328, 26.869592126], [89.394996861, 26.870232402], [89.39585362, 26.86977983], [89.396720138, 26.869682532], [89.3972957, 26.870060477], [89.397238706, 26.870733261], [89.396831141, 26.871428067], [89.39679793, 26.871831921], [89.397075899, 26.872690727], [89.397449667, 26.87251122], [89.397311194, 26.872259873], [89.397421259, 26.872009587], [89.397841552, 26.871844207], [89.3983135, 26.87237472], [89.398894153, 26.872545232], [89.399373194, 26.873020919], [89.400194793, 26.873344818], [89.401686038, 26.873351139], [89.402386744, 26.873033693], [89.400459896, 26.873150911], [89.399839133, 26.873036829], [89.399266372, 26.872658262], [89.3991463, 26.871863691], [89.398837838, 26.871444452], [89.398793889, 26.870942753], [89.399140191, 26.870080511], [89.398941056, 26.86955029], [89.398228295, 26.869212916], [89.397764807, 26.868737292], [89.396913776, 26.866465539], [89.396336093, 26.866637737], [89.396871357, 26.866409635], [89.396594944, 26.865809427], [89.395517697, 26.866163318], [89.396594944, 26.865809427], [89.396598809, 26.865812926], [89.396525842, 26.865659374], [89.395357027, 26.864919525], [89.394883624, 26.864123438], [89.392748423, 26.864016767], [89.392669496, 26.864253252], [89.392740657, 26.864016733], [89.392220262, 26.864024945]]]}, "properties": {"saz_id": 100, "town": "Phuentsholing", "db_town": "Phuentshogling Thromde", "dzongkhag": "Chhukha", "lap_name": "Lap 5", "area_code": "17", "zone_type": "lap", "local_area_group": "Kabraytar LAP", "division": null, "index": 67.7733, "has_data": true, "category": "High Liveable", "color": "#92D050"}}, {"type": "Feature", "geometry": {"type": "Polygon", "coordinates": [[[89.389947252, 26.842006489], [89.385243068, 26.854691117], [89.385153938, 26.855376826], [89.38609789, 26.856021749], [89.388255181, 26.856323647], [89.388609708, 26.856826693], [89.388436914, 26.85718815], [89.388591406, 26.857342058], [89.389584007, 26.857611033], [89.388556524, 26.858052383], [89.388075342, 26.857994578], [89.387347829, 26.857531707], [89.386972218, 26.858059454], [89.387064507, 26.858227024], [89.388688073, 26.859585351], [89.389366839, 26.860451999], [89.390403676, 26.86116695], [89.390591019, 26.860875752], [89.390955991, 26.861359138], [89.391591094, 26.861682284], [89.392240319, 26.862270174], [89.393016784, 26.862301371], [89.393248802, 26.862483469], [89.393632653, 26.86332097], [89.394333169, 26.863031424], [89.394744722, 26.861584372], [89.39525921, 26.86122437], [89.395786192, 26.861435587], [89.395850393, 26.861045796], [89.39661324, 26.860714712], [89.396953025, 26.861078365], [89.397310264, 26.861079889], [89.397003462, 26.860354173], [89.397415118, 26.858879252], [89.39728323, 26.857388082], [89.397625884, 26.85720844], [89.397865126, 26.856025331], [89.397539483, 26.855926427], [89.397713352, 26.855356], [89.397314395, 26.854868733], [89.398445712, 26.853806255], [89.398521872, 26.85335513], [89.398182252, 26.852963619], [89.39797979, 26.85233456], [89.398275636, 26.851458171], [89.398718257, 26.851461359], [89.398874743, 26.85123913], [89.39871072, 26.850683372], [89.398929144, 26.850496233], [89.399282515, 26.850488592], [89.399906387, 26.849989727], [89.400120143, 26.850687181], [89.399838974, 26.850992468], [89.400984142, 26.851777456], [89.401737652, 26.850992242], [89.40158003, 26.850693366], [89.40185534, 26.849884099], [89.402175686, 26.849651065], [89.402087847, 26.848633735], [89.402305931, 26.848509278], [89.402369736, 26.848189136], [89.401796577, 26.847908094], [89.401393965, 26.844730136], [89.400126387, 26.84361029], [89.399541255, 26.842660503], [89.397498426, 26.841314445], [89.389947252, 26.842006489]]]}, "properties": {"saz_id": 102, "town": "Phuentsholing", "db_town": "Phuentshogling Thromde", "dzongkhag": "Chhukha", "lap_name": "Lap 6", "area_code": "18", "zone_type": "lap", "local_area_group": "Rinchending", "division": null, "index": 67.63, "has_data": true, "category": "High Liveable", "color": "#92D050"}}, {"type": "Feature", "geometry": {"type": "Polygon", "coordinates": [[[89.393657057, 26.86352329], [89.393779534, 26.863858157], [89.394927604, 26.864113831], [89.395512953, 26.865035775], [89.39622568, 26.865373162], [89.396657047, 26.866043687], [89.397823079, 26.868779115], [89.398131825, 26.869142633], [89.398906276, 26.869563855], [89.399182783, 26.870150128], [89.398869759, 26.870594586], [89.398833977, 26.871486011], [89.399174095, 26.871793937], [89.399231518, 26.872685758], [89.399758046, 26.872994474], [89.401124429, 26.873111718], [89.402274368, 26.873033], [89.402337528, 26.872838235], [89.402897621, 26.872673431], [89.401850564, 26.870913711], [89.400614497, 26.869654694], [89.399319857, 26.867726735], [89.39867469, 26.866358764], [89.399361373, 26.865748724], [89.398523341, 26.865605851], [89.398121997, 26.865130492], [89.397533674, 26.864765783], [89.396041507, 26.864954449], [89.395642397, 26.864061165], [89.39682612, 26.863453261], [89.396828927, 26.862923899], [89.397425358, 26.861756246], [89.397211156, 26.861142373], [89.396281594, 26.860692618], [89.395751432, 26.861080418], [89.395749804, 26.861386891], [89.395347153, 26.861162275], [89.394848791, 26.861410899], [89.394657807, 26.862273798], [89.394408104, 26.862495623], [89.394249813, 26.863052181], [89.393845229, 26.863189755], [89.393657057, 26.86352329]]]}, "properties": {"saz_id": 103, "town": "Phuentsholing", "db_town": "Phuentshogling Thromde", "dzongkhag": "Chhukha", "lap_name": "Lap 7", "area_code": "19", "zone_type": "lap", "local_area_group": "Kareyphu LAP", "division": null, "index": null, "has_data": false, "category": "Data not available", "color": "#FFFFFF"}}, {"type": "Feature", "geometry": {"type": "Polygon", "coordinates": [[[89.407727261, 26.840593781], [89.397395945, 26.841364236], [89.39778083, 26.841632305], [89.397322287, 26.841710455], [89.399321288, 26.842533918], [89.399812259, 26.842933034], [89.400874247, 26.844384614], [89.401335416, 26.845285112], [89.40161513, 26.8478374], [89.402190634, 26.848411002], [89.401971525, 26.848730488], [89.402126229, 26.849584412], [89.40151169, 26.850525633], [89.401636851, 26.851090366], [89.400926259, 26.851836145], [89.401800401, 26.851738846], [89.402480474, 26.850888452], [89.403100014, 26.85047314], [89.403245645, 26.850097619], [89.403933879, 26.849908971], [89.404371799, 26.850067539], [89.404497648, 26.850503411], [89.404138016, 26.8509651], [89.404207138, 26.851482577], [89.405017083, 26.851409367], [89.406397842, 26.850955449], [89.407065913, 26.851283016], [89.407049747, 26.851777497], [89.407221158, 26.852041162], [89.40759155, 26.852121076], [89.408269028, 26.851948469], [89.408468119, 26.852303235], [89.408708324, 26.852405239], [89.409200443, 26.851850058], [89.408769134, 26.850790375], [89.409289285, 26.850443404], [89.409833492, 26.85032378], [89.410659166, 26.850584946], [89.411276963, 26.850500451], [89.411897077, 26.851094226], [89.412494366, 26.850845951], [89.414753654, 26.850940646], [89.415227281, 26.850576918], [89.415276539, 26.85043607], [89.414717189, 26.850103767], [89.413795975, 26.850298468], [89.413478367, 26.850147393], [89.412598335, 26.849321379], [89.412340589, 26.848669471], [89.411320533, 26.847707476], [89.411270096, 26.84694977], [89.40996115, 26.845547737], [89.409510565, 26.844838861], [89.408593573, 26.842733196], [89.408100649, 26.841957095], [89.407727261, 26.840593781]]]}, "properties": {"saz_id": 104, "town": "Phuentsholing", "db_town": "Phuentshogling Thromde", "dzongkhag": "Chhukha", "lap_name": "Lap 8", "area_code": "20", "zone_type": "lap", "local_area_group": "Ahlay LAP", "division": null, "index": null, "has_data": false, "category": "Data not available", "color": "#FFFFFF"}}, {"type": "Feature", "geometry": {"type": "Polygon", "coordinates": [[[89.418390312, 26.844303177], [89.420135721, 26.844644687], [89.420283752, 26.844547777], [89.420340697, 26.84403953], [89.420598535, 26.843727139], [89.420267589, 26.843147648], [89.420782729, 26.842627346], [89.420252191, 26.841978253], [89.420620376, 26.840961929], [89.421156283, 26.840936261], [89.421719412, 26.840137533], [89.422482045, 26.839806305], [89.422670516, 26.839389144], [89.4235026, 26.83914178], [89.423838487, 26.838746115], [89.425462373, 26.838536789], [89.42592013, 26.838608303], [89.426140347, 26.838051956], [89.429704101, 26.838099454], [89.430591067, 26.838517474], [89.431260066, 26.839047802], [89.433299036, 26.83968288], [89.434390322, 26.840397729], [89.436103284, 26.841017532], [89.439220697, 26.841844889], [89.4397775, 26.842306819], [89.440112311, 26.84290979], [89.439964919, 26.84209163], [89.439542585, 26.84152314], [89.439450507, 26.840905457], [89.439687015, 26.840181981], [89.439180011, 26.840646661], [89.432150008, 26.838093621], [89.422858341, 26.836036024], [89.413823289, 26.840378428], [89.407719113, 26.840574156], [89.408130365, 26.842122214], [89.408807949, 26.843225594], [89.409467126, 26.844886132], [89.411269527, 26.846965876], [89.411273581, 26.847683337], [89.412324571, 26.84866984], [89.412594929, 26.849323106], [89.413786749, 26.8502993], [89.414713788, 26.850104624], [89.415275056, 26.850441288], [89.415104219, 26.850062705], [89.413869815, 26.849814238], [89.413799319, 26.849178346], [89.413228155, 26.848503808], [89.413395318, 26.847710437], [89.413717084, 26.84742967], [89.414454164, 26.847551136], [89.415555287, 26.84709771], [89.416620145, 26.847089482], [89.417162802, 26.846888849], [89.417383186, 26.847259363], [89.41792094, 26.847637714], [89.418374799, 26.848478051], [89.419652692, 26.849144151], [89.420312066, 26.849279199], [89.420580624, 26.849151438], [89.420410021, 26.848342743], [89.419818983, 26.847751736], [89.419670883, 26.847099856], [89.419415877, 26.846855017], [89.419232731, 26.846223889], [89.418858148, 26.845826188], [89.418789229, 26.845256477], [89.418390312, 26.844303177]]]}, "properties": {"saz_id": 105, "town": "Phuentsholing", "db_town": "Phuentshogling Thromde", "dzongkhag": "Chhukha", "lap_name": "Lap 9", "area_code": "21", "zone_type": "lap", "local_area_group": "Pasakha Lap", "division": null, "index": 68.45, "has_data": true, "category": "High Liveable", "color": "#92D050"}}, {"type": "Feature", "geometry": {"type": "Polygon", "coordinates": [[[89.443168467, 26.840517829], [89.443180235, 26.839699428], [89.443410902, 26.838577147], [89.442391897, 26.838156945], [89.441165716, 26.839607898], [89.440866143, 26.840526161], [89.440715088, 26.841243011], [89.440864704, 26.842399876], [89.441411854, 26.842171856], [89.440069078, 26.842736297], [89.440523028, 26.843587885], [89.441442132, 26.84459455], [89.441351212, 26.845715637], [89.440786103, 26.846939332], [89.442903938, 26.846850589], [89.440836542, 26.846946497], [89.440770433, 26.847757716], [89.441877088, 26.849322359], [89.442051199, 26.850239009], [89.442432246, 26.850717331], [89.44256765, 26.851419086], [89.443697865, 26.852147948], [89.443634106, 26.852482041], [89.442894391, 26.85447126], [89.440634264, 26.856106194], [89.44007218, 26.856703001], [89.439836118, 26.857328961], [89.440360016, 26.858180825], [89.440308759, 26.859127928], [89.440802152, 26.859868222], [89.441158226, 26.860106457], [89.441856145, 26.860318178], [89.442557345, 26.859861222], [89.442836581, 26.859931978], [89.442772405, 26.860349654], [89.445690548, 26.860751193], [89.447523416, 26.860744436], [89.44796136, 26.860119252], [89.448233719, 26.858406804], [89.449043739, 26.857922378], [89.448766327, 26.857475505], [89.44877193, 26.856319254], [89.448108599, 26.85538329], [89.448034659, 26.854616797], [89.447600254, 26.854517584], [89.447138714, 26.853610265], [89.446009615, 26.852644608], [89.446107413, 26.851697683], [89.445816057, 26.850930337], [89.44650077, 26.850654398], [89.448490202, 26.850355689], [89.448239795, 26.850342582], [89.448488269, 26.85035394], [89.448722952, 26.849999614], [89.449151127, 26.849778386], [89.449593853, 26.849759214], [89.451321424, 26.849006687], [89.451418939, 26.848736176], [89.451337072, 26.848982368], [89.453235137, 26.848296651], [89.454038764, 26.849125168], [89.455190947, 26.849331611], [89.455395662, 26.849555296], [89.455955017, 26.849505207], [89.456114639, 26.84941527], [89.455876693, 26.848021253], [89.455631187, 26.847396895], [89.454479247, 26.846333699], [89.454170338, 26.845169267], [89.453932176, 26.843219745], [89.453275641, 26.841885926], [89.452726482, 26.841438009], [89.449284576, 26.840254445], [89.448857902, 26.841924348], [89.44926524, 26.840238697], [89.447109663, 26.839610358], [89.444499215, 26.839438], [89.443418768, 26.838556282], [89.44317234, 26.840519585], [89.44300453, 26.840710399], [89.443168467, 26.840517829]]]}, "properties": {"saz_id": 107, "town": "Phuentsholing", "db_town": "Phuentshogling Thromde", "dzongkhag": "Chhukha", "lap_name": "Lap 10", "area_code": "22", "zone_type": "lap", "local_area_group": "Pasakha Lap", "division": null, "index": 68.45, "has_data": true, "category": "High Liveable", "color": "#92D050"}}, {"type": "Feature", "geometry": {"type": "Polygon", "coordinates": [[[89.462772882, 26.835542766], [89.463016962, 26.834826243], [89.462747871, 26.834261014], [89.462353075, 26.834008755], [89.461662415, 26.833929508], [89.460565208, 26.834440778], [89.457698679, 26.834743268], [89.455825534, 26.833517109], [89.451144221, 26.833062116], [89.446846785, 26.833956815], [89.44513138, 26.835440718], [89.445130023, 26.835719334], [89.445933655, 26.836516552], [89.446993054, 26.839010868], [89.447874504, 26.839780517], [89.452758215, 26.841471218], [89.453438306, 26.842142537], [89.45373083, 26.842673046], [89.454048602, 26.844415651], [89.454545695, 26.844389707], [89.454303828, 26.843009602], [89.453441049, 26.841571375], [89.45243304, 26.840711627], [89.451831362, 26.839639182], [89.451941007, 26.839444572], [89.4516485, 26.83891406], [89.452024755, 26.838177173], [89.455208963, 26.83803623], [89.455626118, 26.838483629], [89.456992222, 26.838586397], [89.457630115, 26.838338085], [89.459648445, 26.838443326], [89.460645416, 26.837792371], [89.460572497, 26.836917203], [89.460679412, 26.837377182], [89.461053099, 26.83716964], [89.46202202, 26.83587774], [89.462772882, 26.835542766]]]}, "properties": {"saz_id": 108, "town": "Phuentsholing", "db_town": "Phuentshogling Thromde", "dzongkhag": "Chhukha", "lap_name": "Lap 11", "area_code": "23", "zone_type": "lap", "local_area_group": "Pekarzhing LAP", "division": null, "index": null, "has_data": false, "category": "Data not available", "color": "#FFFFFF"}}, {"type": "Feature", "geometry": {"type": "MultiPolygon", "coordinates": [[[[89.455741091, 26.849554884], [89.455746708, 26.849552545], [89.455748956, 26.849534018], [89.455741091, 26.849554884]]], [[[89.455746708, 26.849552545], [89.455692366, 26.850000489], [89.458704595, 26.853432115], [89.459980699, 26.854537544], [89.4611903, 26.854932226], [89.462861576, 26.854590309], [89.462832881, 26.854088684], [89.461868235, 26.852803362], [89.461354437, 26.851429201], [89.460298495, 26.849753453], [89.457798776, 26.84959065], [89.457511212, 26.848826824], [89.457460525, 26.848972905], [89.457739924, 26.848089357], [89.457571579, 26.847566298], [89.455746283, 26.846033839], [89.455287375, 26.846192279], [89.455117809, 26.845926936], [89.455058957, 26.84524409], [89.454485778, 26.844942363], [89.45452684, 26.844475832], [89.454061074, 26.844446173], [89.454275964, 26.845784381], [89.454594777, 26.846503058], [89.455646538, 26.847405661], [89.456110727, 26.849392617], [89.456444607, 26.849429967], [89.455746708, 26.849552545]]]]}, "properties": {"saz_id": 109, "town": "Phuentsholing", "db_town": "Phuentshogling Thromde", "dzongkhag": "Chhukha", "lap_name": "Lap 11a", "area_code": "24", "zone_type": "lap", "local_area_group": "Pasakha Industrail Estate", "division": null, "index": null, "has_data": false, "category": "Data not available", "color": "#FFFFFF"}}, {"type": "Feature", "geometry": {"type": "Polygon", "coordinates": [[[91.506332753, 26.793206071], [91.502221358, 26.792555448], [91.50149532, 26.792740973], [91.501012203, 26.792343375], [91.49985063, 26.792204009], [91.499917842, 26.792883215], [91.500518372, 26.792903003], [91.500938035, 26.793792908], [91.501579041, 26.794230673], [91.501461423, 26.794592799], [91.501592071, 26.795392731], [91.501316634, 26.796100612], [91.501541525, 26.796582014], [91.501474593, 26.796810234], [91.501780744, 26.797044958], [91.501970736, 26.796867733], [91.502729125, 26.796702783], [91.504347804, 26.796587529], [91.505349839, 26.796116628], [91.504515614, 26.795612942], [91.504645433, 26.795455967], [91.504522933, 26.79561548], [91.505403016, 26.796061146], [91.505615585, 26.79582876], [91.506156484, 26.794421335], [91.506672702, 26.793793458], [91.506281804, 26.793761006], [91.505774019, 26.793703645], [91.506573504, 26.793784053], [91.507165171, 26.793573782], [91.506332753, 26.793206071]]]}, "properties": {"saz_id": 1502, "town": "Samdrup Jongkhar", "db_town": "Samdrupjongkhar Thromde", "dzongkhag": "Samdrup Jongkhar", "lap_name": "Lap 1", "area_code": "01", "zone_type": "lap", "local_area_group": "Core", "division": null, "index": 70.104, "has_data": true, "category": "High Liveable", "color": "#92D050"}}, {"type": "Feature", "geometry": {"type": "Polygon", "coordinates": [[[91.50454147, 26.798366485], [91.504517864, 26.797262941], [91.504215329, 26.796610776], [91.502458385, 26.796771464], [91.501774609, 26.797042493], [91.501450705, 26.796826792], [91.501178599, 26.798055216], [91.501339245, 26.798321346], [91.502569856, 26.798024226], [91.503050216, 26.797987339], [91.501339325, 26.798327432], [91.501540801, 26.798860961], [91.502225245, 26.799669374], [91.50224862, 26.800413782], [91.501802833, 26.800558515], [91.50146422, 26.800943566], [91.501190509, 26.80144967], [91.501135993, 26.802074684], [91.500249226, 26.802043503], [91.499939692, 26.802233454], [91.500060991, 26.802516234], [91.499741376, 26.803315003], [91.498698501, 26.804137663], [91.498713426, 26.80492883], [91.498238083, 26.805579095], [91.498314271, 26.80587047], [91.499100749, 26.806182731], [91.499271921, 26.805787285], [91.499598912, 26.805548453], [91.500239094, 26.806255891], [91.500811454, 26.806448669], [91.500928876, 26.806264811], [91.500799353, 26.805529644], [91.500904632, 26.805110546], [91.501241382, 26.804926391], [91.501716964, 26.804982218], [91.50284913, 26.804759183], [91.502751468, 26.804179289], [91.502886565, 26.803825429], [91.504342574, 26.803298647], [91.504343976, 26.802890797], [91.505474388, 26.801852088], [91.505099338, 26.801415031], [91.505474335, 26.801848031], [91.505848841, 26.801442299], [91.506007704, 26.80114437], [91.505916883, 26.800431116], [91.50454147, 26.798366485]]]}, "properties": {"saz_id": 128, "town": "Samdrup Jongkhar", "db_town": "Samdrupjongkhar Thromde", "dzongkhag": "Samdrup Jongkhar", "lap_name": "Lap 2", "area_code": "02", "zone_type": "lap", "local_area_group": "Service Center", "division": null, "index": 67.635, "has_data": true, "category": "High Liveable", "color": "#92D050"}}, {"type": "Feature", "geometry": {"type": "Polygon", "coordinates": [[[91.506447929, 26.80148282], [91.506678804, 26.800871054], [91.505887056, 26.800497679], [91.505986327, 26.801173924], [91.506112207, 26.801225168], [91.505986344, 26.801175231], [91.505660775, 26.80167817], [91.50434275, 26.802885303], [91.504342375, 26.803298487], [91.502886478, 26.803831733], [91.502790751, 26.804528355], [91.502834647, 26.804763245], [91.503006608, 26.804774634], [91.501253592, 26.804936761], [91.500917791, 26.805107686], [91.50079509, 26.805527397], [91.50092725, 26.806268673], [91.500801932, 26.806489667], [91.501540224, 26.806785184], [91.502156787, 26.807573621], [91.502330794, 26.807509013], [91.502899502, 26.808203811], [91.503145099, 26.808263965], [91.504206208, 26.807844743], [91.505251521, 26.806557642], [91.506335497, 26.806661014], [91.506615388, 26.806229166], [91.506031948, 26.805743744], [91.506082026, 26.804681497], [91.506431754, 26.804683006], [91.508653564, 26.803890518], [91.508524112, 26.803797756], [91.508577958, 26.803462455], [91.507552618, 26.802615639], [91.507157176, 26.802682611], [91.506494679, 26.801946985], [91.506447929, 26.80148282]]]}, "properties": {"saz_id": 129, "town": "Samdrup Jongkhar", "db_town": "Samdrupjongkhar Thromde", "dzongkhag": "Samdrup Jongkhar", "lap_name": "Lap 3a", "area_code": "03", "zone_type": "lap", "local_area_group": "Service Center", "division": null, "index": 67.635, "has_data": true, "category": "High Liveable", "color": "#92D050"}}, {"type": "Feature", "geometry": {"type": "Polygon", "coordinates": [[[91.506301469, 26.794327745], [91.50572229, 26.795712128], [91.505958183, 26.796111368], [91.505850578, 26.796226519], [91.50595704, 26.796110366], [91.50571189, 26.795694992], [91.50533304, 26.796112943], [91.504193287, 26.796611011], [91.504496247, 26.797252518], [91.50442918, 26.797995858], [91.505619639, 26.800009702], [91.506120067, 26.79975571], [91.50563093, 26.800008567], [91.506090713, 26.800667171], [91.506667548, 26.80085785], [91.506406764, 26.801656006], [91.506510528, 26.801979548], [91.507162141, 26.802694948], [91.507556789, 26.802615671], [91.508547234, 26.803475575], [91.508652509, 26.803912724], [91.509036644, 26.80355152], [91.508845017, 26.803423705], [91.509040595, 26.800946201], [91.509658481, 26.799967707], [91.509818772, 26.799095542], [91.509241876, 26.798387474], [91.50911581, 26.798429725], [91.509237341, 26.798386508], [91.508579674, 26.797286522], [91.509323559, 26.796487428], [91.509553146, 26.795726122], [91.509060869, 26.795431072], [91.509570874, 26.795015771], [91.509246972, 26.79445921], [91.509447862, 26.793921404], [91.509881257, 26.793868086], [91.509792408, 26.793304962], [91.508271939, 26.79373306], [91.507094331, 26.793416895], [91.507139911, 26.793615255], [91.506435059, 26.794000156], [91.506173905, 26.794427003], [91.506299161, 26.794324219], [91.506431766, 26.794337664], [91.506301469, 26.794327745]]]}, "properties": {"saz_id": 130, "town": "Samdrup Jongkhar", "db_town": "Samdrupjongkhar Thromde", "dzongkhag": "Samdrup Jongkhar", "lap_name": "Lap 3b", "area_code": "04", "zone_type": "lap", "local_area_group": "Football ground side a and b", "division": null, "index": 67.75, "has_data": true, "category": "High Liveable", "color": "#92D050"}}, {"type": "Feature", "geometry": {"type": "Polygon", "coordinates": [[[91.493334555, 26.81132154], [91.494086204, 26.81256969], [91.495197976, 26.813243084], [91.496057583, 26.81301831], [91.495923676, 26.812512217], [91.495450122, 26.811984339], [91.495419681, 26.81181972], [91.495786773, 26.811777778], [91.49677047, 26.812389075], [91.498081154, 26.812058016], [91.498718206, 26.81211471], [91.500053219, 26.812826936], [91.500233661, 26.812301657], [91.500131855, 26.812087045], [91.501530767, 26.813087225], [91.502352626, 26.813218067], [91.502574155, 26.812860461], [91.502400649, 26.812570486], [91.502590219, 26.81193409], [91.502466346, 26.811386664], [91.502915668, 26.811147171], [91.503514296, 26.811239143], [91.504376105, 26.810915965], [91.504528953, 26.809908843], [91.505054155, 26.80925936], [91.505557219, 26.809342824], [91.505861992, 26.809133407], [91.505324484, 26.808047985], [91.504077695, 26.807858236], [91.50292276, 26.808200384], [91.502319447, 26.807483591], [91.502150966, 26.807574192], [91.501631651, 26.806793066], [91.500124561, 26.806161974], [91.499536415, 26.805521133], [91.499106333, 26.806147386], [91.498324938, 26.805863842], [91.498236446, 26.805585649], [91.497815659, 26.805843856], [91.498317472, 26.806371429], [91.498115081, 26.807109457], [91.498232851, 26.807463466], [91.497983043, 26.807821365], [91.496780534, 26.808849102], [91.495989651, 26.808920902], [91.495391203, 26.80857197], [91.495174153, 26.809272087], [91.494796924, 26.809618639], [91.494809319, 26.810294128], [91.494494874, 26.810306964], [91.49431474, 26.810587996], [91.493848352, 26.810605607], [91.493470283, 26.810888726], [91.493334555, 26.81132154]]]}, "properties": {"saz_id": 131, "town": "Samdrup Jongkhar", "db_town": "Samdrupjongkhar Thromde", "dzongkhag": "Samdrup Jongkhar", "lap_name": "Lap 4", "area_code": "05", "zone_type": "lap", "local_area_group": "Behind Dzong", "division": null, "index": null, "has_data": false, "category": "Data not available", "color": "#FFFFFF"}}, {"type": "Feature", "geometry": {"type": "Polygon", "coordinates": [[[91.451567874, 26.8597231], [91.45266279, 26.859058433], [91.453805233, 26.858792933], [91.454859873, 26.858851866], [91.455182988, 26.859229173], [91.456841126, 26.858362015], [91.457928194, 26.858192211], [91.458331633, 26.858765342], [91.4590299, 26.858612228], [91.460343546, 26.859562932], [91.461256952, 26.860739796], [91.462004673, 26.861131728], [91.462378222, 26.861578278], [91.464633617, 26.861675052], [91.465746706, 26.862253902], [91.466123092, 26.862370531], [91.466130857, 26.86187563], [91.465340152, 26.861991675], [91.466341264, 26.861188311], [91.466602973, 26.860640024], [91.466461157, 26.860064205], [91.46582086, 26.859227112], [91.465834309, 26.858624306], [91.465549342, 26.857916749], [91.464530071, 26.857857529], [91.463078535, 26.85828491], [91.462959181, 26.857804012], [91.463139218, 26.857503987], [91.4629659, 26.857226651], [91.461409896, 26.857230057], [91.460980541, 26.857393091], [91.460233893, 26.856531695], [91.460271819, 26.855078557], [91.459889856, 26.855076158], [91.45861099, 26.855730089], [91.45788307, 26.855775661], [91.457353, 26.856358419], [91.456789762, 26.856560884], [91.4560998, 26.856257142], [91.455569485, 26.856268947], [91.455474292, 26.856568089], [91.455131417, 26.856857093], [91.454406408, 26.857130997], [91.451883962, 26.857334554], [91.450005072, 26.858641647], [91.450191015, 26.859356598], [91.451567874, 26.8597231]]]}, "properties": {"saz_id": 132, "town": "Samdrup Jongkhar", "db_town": "Samdrupjongkhar Thromde", "dzongkhag": "Samdrup Jongkhar", "lap_name": "Lap 5a", "area_code": "06", "zone_type": "lap", "local_area_group": "Deothang 5a, 5b, 5ba, 5c", "division": null, "index": 65.5425, "has_data": true, "category": "High Liveable", "color": "#92D050"}}, {"type": "Feature", "geometry": {"type": "Polygon", "coordinates": [[[91.468345395, 26.856154315], [91.468716198, 26.855517617], [91.468349678, 26.854679373], [91.467504351, 26.85469338], [91.467011002, 26.854871095], [91.466449471, 26.854735706], [91.465688062, 26.854021843], [91.465100484, 26.854127306], [91.464725411, 26.855339354], [91.464380237, 26.85570381], [91.463926327, 26.856681317], [91.463893323, 26.857288355], [91.463718409, 26.857290166], [91.463135478, 26.858211475], [91.46424993, 26.858037802], [91.464527369, 26.857846643], [91.464951863, 26.857980843], [91.465569118, 26.857914299], [91.465861165, 26.858630415], [91.465810409, 26.859216716], [91.466220673, 26.859829617], [91.467242741, 26.858315927], [91.467338117, 26.858482176], [91.467243572, 26.858321878], [91.466207874, 26.859854593], [91.466443322, 26.860024745], [91.466625966, 26.860645822], [91.466341884, 26.861202578], [91.465337259, 26.861981825], [91.466134781, 26.861874183], [91.466129593, 26.86237633], [91.467393586, 26.863168654], [91.468201875, 26.863442687], [91.46889093, 26.863966386], [91.470130133, 26.86509367], [91.470313039, 26.865708922], [91.470627554, 26.86612929], [91.471446111, 26.866293365], [91.471895571, 26.865875505], [91.472098507, 26.865334689], [91.472439547, 26.865101011], [91.47297273, 26.86484441], [91.474098347, 26.864853595], [91.474504329, 26.863782416], [91.473962273, 26.863578865], [91.474274828, 26.863622676], [91.474297913, 26.863379235], [91.474823221, 26.863415596], [91.474483478, 26.863073952], [91.473892068, 26.862886606], [91.472810777, 26.862921412], [91.471555791, 26.86260237], [91.471370742, 26.862722847], [91.471714786, 26.862271217], [91.469947534, 26.860867414], [91.471727914, 26.862271734], [91.472787404, 26.862129946], [91.474321107, 26.862582053], [91.475546058, 26.862383602], [91.476151094, 26.862497578], [91.476830838, 26.862302193], [91.477424507, 26.861990027], [91.477809553, 26.861554518], [91.478019388, 26.861547094], [91.479061962, 26.862571751], [91.479220785, 26.862677307], [91.479411428, 26.862539328], [91.479411248, 26.86230136], [91.478538084, 26.861748259], [91.478181942, 26.860818408], [91.477898614, 26.860779529], [91.47777594, 26.859865541], [91.47835296, 26.859843817], [91.478377225, 26.85969189], [91.478126063, 26.859435626], [91.478012244, 26.858754285], [91.477589595, 26.858539039], [91.477510788, 26.858756912], [91.477727977, 26.85886709], [91.47751829, 26.859109867], [91.476993466, 26.858660331], [91.476691663, 26.859892562], [91.476431155, 26.860039112], [91.476315555, 26.85966898], [91.475839552, 26.859611189], [91.475857753, 26.85944102], [91.475402395, 26.859401318], [91.475265986, 26.859224917], [91.474893733, 26.859257567], [91.475058865, 26.858879275], [91.474241477, 26.85857661], [91.474060292, 26.858319608], [91.473467586, 26.858030285], [91.473237653, 26.858286342], [91.472373084, 26.858167212], [91.471702455, 26.857713944], [91.471426253, 26.85777435], [91.47132665, 26.858188567], [91.471190142, 26.858229214], [91.470165101, 26.858101279], [91.470095423, 26.858575331], [91.469808834, 26.858057913], [91.469145938, 26.857750995], [91.46910375, 26.85741932], [91.468512006, 26.857203188], [91.468391011, 26.856187184], [91.466930394, 26.857094381], [91.468345395, 26.856154315]]]}, "properties": {"saz_id": 133, "town": "Samdrup Jongkhar", "db_town": "Samdrupjongkhar Thromde", "dzongkhag": "Samdrup Jongkhar", "lap_name": "Lap 5b", "area_code": "07", "zone_type": "lap", "local_area_group": "Deothang 5a, 5b, 5ba, 5c", "division": null, "index": 65.5425, "has_data": true, "category": "High Liveable", "color": "#92D050"}}, {"type": "Feature", "geometry": {"type": "Polygon", "coordinates": [[[91.465685163, 26.854014658], [91.465767796, 26.854115303], [91.466558652, 26.854015116], [91.467076432, 26.852484045], [91.467489594, 26.852438522], [91.468600793, 26.851678409], [91.468706937, 26.851134907], [91.468422, 26.850703312], [91.468558013, 26.85055599], [91.469191697, 26.851431204], [91.467813304, 26.852860201], [91.468919208, 26.851963747], [91.469409376, 26.851857152], [91.469774778, 26.851399768], [91.469628101, 26.850995286], [91.469785081, 26.850828714], [91.470941603, 26.851114848], [91.471522302, 26.850899459], [91.471932734, 26.851190176], [91.472188965, 26.850768814], [91.472480131, 26.850860939], [91.47274647, 26.850674194], [91.472883124, 26.851123184], [91.472475523, 26.851051303], [91.472210414, 26.851333193], [91.472447554, 26.851622541], [91.473142753, 26.851510626], [91.473503614, 26.85124994], [91.474065681, 26.851507351], [91.474577674, 26.851175304], [91.474544496, 26.850525405], [91.474890055, 26.850176061], [91.474022973, 26.849848879], [91.47417349, 26.849729948], [91.474564108, 26.849855924], [91.475155071, 26.849615038], [91.475075352, 26.849466789], [91.475382384, 26.849146393], [91.474372854, 26.848468615], [91.474674789, 26.847209383], [91.475029507, 26.847294497], [91.475283828, 26.847000027], [91.475291062, 26.846467068], [91.475728493, 26.846113592], [91.476174394, 26.846140657], [91.476386199, 26.845840285], [91.476278402, 26.845708189], [91.476441902, 26.845500307], [91.476342322, 26.844911368], [91.475788342, 26.844730007], [91.477317394, 26.844298519], [91.477937506, 26.843854314], [91.479085275, 26.843471199], [91.479082521, 26.841082768], [91.478808624, 26.840413184], [91.479690846, 26.839461895], [91.480661713, 26.839074275], [91.480639443, 26.838449639], [91.48022073, 26.838063874], [91.479118631, 26.837875573], [91.478717263, 26.837191461], [91.479989778, 26.833898379], [91.479620815, 26.833258337], [91.479835878, 26.831850923], [91.479716673, 26.830840325], [91.479432616, 26.830475352], [91.480065788, 26.828594118], [91.480796177, 26.828209015], [91.480970468, 26.828289661], [91.481166617, 26.828148043], [91.481104995, 26.828031326], [91.481453109, 26.827884945], [91.481315505, 26.827363017], [91.480478161, 26.826591487], [91.480539667, 26.825883503], [91.481003965, 26.825428229], [91.481093623, 26.824710434], [91.481734991, 26.82427868], [91.482046505, 26.823222337], [91.484629661, 26.820416646], [91.485212576, 26.820385154], [91.486523588, 26.820882067], [91.487674507, 26.820489341], [91.489912344, 26.821569625], [91.490359165, 26.822484778], [91.491525383, 26.822450286], [91.49160436, 26.819842132], [91.493384484, 26.818637057], [91.495082183, 26.816811135], [91.495063092, 26.816433878], [91.494731576, 26.815955248], [91.495864159, 26.815518243], [91.49597871, 26.814819209], [91.495710532, 26.814587322], [91.496085838, 26.813016425], [91.495201365, 26.813231947], [91.495294974, 26.81363062], [91.495527095, 26.813808967], [91.495119456, 26.814263687], [91.495193689, 26.81480213], [91.494715684, 26.815013354], [91.493727483, 26.814329137], [91.493246983, 26.814350067], [91.493092287, 26.814954365], [91.493359502, 26.815652541], [91.494349833, 26.816228893], [91.494549649, 26.816639133], [91.493989839, 26.817352383], [91.492466154, 26.818700669], [91.490908274, 26.819059659], [91.490389734, 26.819417205], [91.490227317, 26.820243616], [91.487677132, 26.819607517], [91.486324464, 26.819710546], [91.484599215, 26.819436839], [91.481859691, 26.822450342], [91.48093465, 26.824176042], [91.48022025, 26.824973329], [91.479635943, 26.825988115], [91.479790962, 26.827578803], [91.478106352, 26.827992905], [91.477446783, 26.828659557], [91.477674273, 26.829297911], [91.478750826, 26.828886999], [91.479059623, 26.829251715], [91.478709298, 26.830045188], [91.478605111, 26.830734586], [91.479051462, 26.831345274], [91.479146171, 26.832647947], [91.478572732, 26.832869633], [91.478224975, 26.833317338], [91.479389857, 26.833987125], [91.478751663, 26.835484604], [91.477875802, 26.836924298], [91.47703399, 26.83771973], [91.476062381, 26.838050238], [91.475723479, 26.838364623], [91.475965616, 26.83904089], [91.477203267, 26.839592572], [91.477786571, 26.839583306], [91.477797472, 26.839878182], [91.47740616, 26.840513483], [91.477614846, 26.841063219], [91.478059794, 26.841562906], [91.478050849, 26.842235447], [91.477696699, 26.843009926], [91.475862415, 26.843352617], [91.473355406, 26.844447699], [91.473161889, 26.844795455], [91.471457089, 26.845583984], [91.471056949, 26.845540568], [91.470342004, 26.845763695], [91.470060558, 26.84560168], [91.46910516, 26.845551342], [91.468903995, 26.84640351], [91.468381685, 26.846757847], [91.4681111, 26.847163492], [91.468210436, 26.84773658], [91.46844678, 26.847965677], [91.467530834, 26.848508071], [91.469085622, 26.848967716], [91.469604527, 26.848622927], [91.469901381, 26.849155898], [91.469306818, 26.849666414], [91.469164583, 26.850153197], [91.46828958, 26.850580981], [91.468535607, 26.851285767], [91.468447402, 26.851575329], [91.467514689, 26.852190851], [91.4668904, 26.852317863], [91.466401641, 26.853905727], [91.465685163, 26.854014658]]]}, "properties": {"saz_id": 134, "town": "Samdrup Jongkhar", "db_town": "Samdrupjongkhar Thromde", "dzongkhag": "Samdrup Jongkhar", "lap_name": "Lap 5ba", "area_code": "08", "zone_type": "lap", "local_area_group": "Deothang 5a, 5b, 5ba, 5c", "division": null, "index": 65.5425, "has_data": true, "category": "High Liveable", "color": "#92D050"}}, {"type": "Feature", "geometry": {"type": "Polygon", "coordinates": [[[91.474297657, 26.862572491], [91.472769818, 26.862122938], [91.471693107, 26.862285826], [91.471581367, 26.862663558], [91.471788352, 26.862886298], [91.473876017, 26.862885466], [91.474487854, 26.863063056], [91.475855736, 26.863846351], [91.474695741, 26.863197261], [91.474778051, 26.863473599], [91.474304405, 26.863373937], [91.474278438, 26.863620024], [91.473997274, 26.863523584], [91.474040259, 26.863690499], [91.47451994, 26.863805789], [91.474090364, 26.864856294], [91.474864775, 26.864764533], [91.475288257, 26.86504254], [91.475752168, 26.866413218], [91.476518903, 26.867525762], [91.47762134, 26.868273261], [91.479588101, 26.868833227], [91.479724097, 26.868528456], [91.479562032, 26.868174506], [91.479634884, 26.867499059], [91.479354195, 26.866543767], [91.480197612, 26.867048607], [91.481368221, 26.867376299], [91.481675382, 26.867676426], [91.482102677, 26.867797468], [91.482450419, 26.867631687], [91.482952151, 26.867647344], [91.483173887, 26.867909659], [91.482991199, 26.868517093], [91.483197367, 26.869121622], [91.483468459, 26.869338441], [91.484531752, 26.869484179], [91.485917442, 26.87020183], [91.486242986, 26.871014302], [91.486679582, 26.870507621], [91.486591655, 26.870027377], [91.486712551, 26.869461254], [91.486063619, 26.868892768], [91.485463573, 26.867602011], [91.485630573, 26.866993564], [91.486364482, 26.866033969], [91.486439003, 26.865489255], [91.486636019, 26.865393041], [91.486676511, 26.864921906], [91.486510925, 26.864745824], [91.486621933, 26.864315788], [91.486248218, 26.864277877], [91.485421665, 26.86350205], [91.482890661, 26.864386364], [91.482306838, 26.863440608], [91.481550694, 26.8626954], [91.481605185, 26.862401942], [91.481172434, 26.861412756], [91.480631115, 26.861041859], [91.479813879, 26.860977195], [91.479648309, 26.860801105], [91.479468628, 26.860436877], [91.479423031, 26.859621456], [91.479695275, 26.859032834], [91.479470995, 26.858825977], [91.479017714, 26.858945782], [91.477973769, 26.85848599], [91.477624756, 26.8585524], [91.478118323, 26.858840127], [91.478115226, 26.859499154], [91.478350623, 26.859664056], [91.47832934, 26.859821183], [91.477770288, 26.859879329], [91.477898725, 26.860788027], [91.478191342, 26.860868649], [91.478540804, 26.861733194], [91.47941163, 26.862330776], [91.479402963, 26.862560991], [91.479189655, 26.86284593], [91.479358294, 26.862601338], [91.479230767, 26.862660204], [91.478589443, 26.862222355], [91.478014964, 26.861543217], [91.477810892, 26.861545351], [91.477443168, 26.861967604], [91.476846754, 26.862292874], [91.476178807, 26.862498596], [91.475541702, 26.862384955], [91.474297657, 26.862572491]]]}, "properties": {"saz_id": 135, "town": "Samdrup Jongkhar", "db_town": "Samdrupjongkhar Thromde", "dzongkhag": "Samdrup Jongkhar", "lap_name": "lap 5c", "area_code": "09", "zone_type": "lap", "local_area_group": "Deothang 5a, 5b, 5ba, 5c", "division": null, "index": 65.5425, "has_data": true, "category": "High Liveable", "color": "#92D050"}}, {"type": "Feature", "geometry": {"type": "MultiPolygon", "coordinates": [[[[89.62313, 27.501955], [89.62313, 27.50196], [89.623135, 27.50196], [89.623135, 27.501965], [89.623215, 27.50201], [89.6233, 27.502075], [89.62341, 27.50218], [89.623505, 27.5023], [89.62357, 27.50244], [89.623605, 27.50259], [89.623615, 27.50274], [89.623615, 27.502775], [89.62359, 27.502915], [89.62359, 27.50292], [89.62344, 27.503895], [89.62344, 27.5039], [89.623445, 27.503905], [89.62345, 27.503905], [89.626315, 27.5038], [89.62648, 27.50381], [89.62664, 27.503855], [89.626785, 27.50393], [89.62691, 27.504035], [89.626975, 27.504115], [89.62698, 27.50412], [89.6311, 27.509455], [89.631175, 27.50958], [89.63123, 27.509715], [89.63126, 27.50986], [89.6313, 27.510285], [89.631305, 27.510355], [89.631305, 27.510415], [89.631305, 27.51042], [89.6313, 27.510425], [89.63174, 27.51461], [89.63174, 27.51476], [89.631735, 27.51476], [89.631735, 27.514765], [89.631735, 27.51477], [89.631735, 27.514785], [89.631735, 27.51479], [89.631755, 27.515025], [89.63176, 27.51507], [89.63176, 27.515075], [89.63208, 27.51562], [89.632135, 27.51573], [89.63217, 27.515845], [89.632175, 27.51588], [89.632175, 27.515885], [89.632275, 27.51606], [89.632275, 27.516065], [89.6325, 27.51635], [89.6328, 27.51667], [89.63283, 27.51671], [89.632835, 27.51671], [89.63288, 27.51676], [89.63288, 27.516765], [89.63288, 27.51677], [89.63292, 27.51681], [89.632955, 27.516845], [89.63627, 27.520415], [89.63627, 27.52042], [89.636835, 27.52103], [89.636925, 27.52115], [89.63699, 27.52128], [89.637035, 27.52142], [89.637045, 27.521565], [89.637035, 27.521715], [89.63694, 27.522195], [89.636915, 27.52247], [89.63688, 27.522655], [89.635935, 27.52546], [89.63599, 27.52638], [89.635985, 27.5265], [89.63598, 27.526535], [89.63598, 27.52656], [89.635975, 27.526565], [89.635975, 27.52657], [89.635985, 27.526745], [89.63597, 27.526935], [89.635915, 27.527115], [89.63591, 27.52712], [89.635905, 27.52712], [89.635905, 27.527125], [89.635905, 27.52713], [89.63598, 27.52749], [89.63645, 27.52837], [89.636455, 27.52837], [89.63646, 27.528385], [89.636515, 27.52847], [89.637145, 27.529415], [89.63722, 27.52956], [89.637265, 27.52972], [89.637275, 27.52989], [89.63725, 27.530055], [89.63632, 27.533575], [89.636105, 27.534385], [89.636105, 27.53439], [89.637055, 27.535785], [89.63709, 27.53584], [89.63709, 27.535845], [89.63709, 27.53585], [89.637095, 27.53585], [89.638555, 27.53802], [89.64289, 27.54195], [89.643005, 27.542085], [89.643035, 27.54212], [89.643035, 27.542125], [89.643035, 27.54213], [89.643035, 27.542135], [89.64304, 27.542135], [89.64305, 27.54214], [89.643085, 27.54216], [89.64319, 27.54224], [89.64568, 27.544535], [89.645685, 27.544535], [89.65057, 27.547805], [89.65057, 27.54781], [89.650575, 27.54781], [89.65058, 27.54781], [89.65058, 27.547805], [89.65111, 27.547355], [89.65111, 27.54735], [89.651115, 27.54735], [89.651115, 27.547345], [89.651115, 27.54734], [89.65111, 27.54734], [89.650995, 27.5472], [89.65096, 27.547175], [89.650935, 27.54715], [89.650935, 27.547145], [89.65093, 27.547145], [89.65088, 27.547095], [89.65079, 27.54698], [89.650725, 27.54685], [89.650685, 27.54671], [89.650685, 27.54668], [89.65068, 27.546635], [89.650655, 27.54656], [89.650625, 27.54642], [89.650625, 27.546275], [89.650645, 27.54613], [89.650685, 27.546025], [89.650685, 27.54602], [89.65079, 27.545725], [89.65094, 27.545295], [89.650955, 27.545255], [89.65109, 27.54493], [89.65109, 27.544925], [89.65088, 27.544485], [89.650875, 27.544485], [89.650875, 27.54448], [89.65031, 27.544255], [89.65021, 27.544205], [89.64983, 27.543985], [89.64978, 27.54395], [89.649355, 27.54366], [89.64935, 27.543655], [89.64886, 27.543315], [89.64854, 27.54309], [89.648395, 27.54296], [89.64832, 27.542875], [89.64822, 27.54274], [89.648155, 27.542585], [89.648125, 27.54242], [89.6481, 27.54214], [89.648105, 27.541975], [89.648155, 27.541565], [89.648195, 27.541405], [89.648265, 27.541255], [89.6483, 27.54119], [89.648305, 27.54119], [89.648305, 27.541185], [89.64834, 27.540955], [89.64834, 27.54095], [89.648425, 27.540315], [89.648425, 27.54031], [89.6484, 27.539935], [89.64835, 27.539785], [89.64832, 27.53964], [89.648315, 27.53949], [89.64834, 27.539345], [89.64839, 27.539205], [89.6484, 27.539185], [89.648405, 27.53918], [89.648405, 27.539175], [89.64846, 27.539035], [89.64851, 27.538925], [89.648575, 27.538825], [89.64879, 27.53855], [89.648795, 27.538545], [89.64907, 27.5382], [89.64914, 27.538015], [89.64914, 27.53801], [89.64907, 27.5375], [89.64907, 27.537495], [89.64899, 27.537065], [89.648905, 27.53673], [89.648885, 27.5366], [89.648875, 27.536495], [89.64884, 27.53631], [89.64884, 27.536305], [89.648795, 27.53621], [89.64874, 27.536065], [89.64874, 27.536055], [89.648715, 27.53589], [89.648715, 27.535815], [89.64872, 27.53569], [89.648745, 27.53557], [89.64877, 27.53548], [89.64877, 27.535475], [89.648775, 27.535435], [89.64878, 27.535395], [89.64878, 27.53539], [89.64881, 27.53525], [89.64883, 27.53518], [89.64883, 27.535025], [89.64883, 27.53502], [89.64868, 27.534715], [89.64863, 27.534575], [89.6486, 27.53442], [89.64859, 27.53425], [89.6486, 27.53407], [89.648645, 27.533895], [89.64872, 27.533715], [89.64872, 27.53371], [89.64872, 27.5337], [89.648725, 27.53367], [89.64873, 27.533595], [89.64876, 27.53347], [89.648775, 27.53344], [89.648775, 27.533435], [89.64876, 27.53292], [89.648735, 27.53258], [89.6487, 27.532325], [89.6487, 27.53216], [89.6487, 27.53214], [89.648705, 27.53211], [89.648705, 27.531955], [89.648725, 27.531795], [89.648775, 27.53164], [89.648795, 27.531595], [89.648845, 27.531505], [89.64889, 27.53143], [89.64892, 27.531385], [89.649005, 27.531265], [89.64901, 27.53126], [89.64905, 27.531165], [89.649085, 27.530795], [89.649085, 27.53079], [89.64908, 27.53079], [89.649005, 27.53064], [89.649, 27.53064], [89.64889, 27.530535], [89.648535, 27.530325], [89.64821, 27.530265], [89.648205, 27.530265], [89.6481, 27.530245], [89.647955, 27.53019], [89.647825, 27.53011], [89.647715, 27.530005], [89.647625, 27.52988], [89.64756, 27.529745], [89.647525, 27.529615], [89.647525, 27.5296], [89.647475, 27.529385], [89.647135, 27.528825], [89.647135, 27.52882], [89.64713, 27.52882], [89.64694, 27.52871], [89.646765, 27.52858], [89.646505, 27.52832], [89.64649, 27.528305], [89.645975, 27.527765], [89.645875, 27.52764], [89.645805, 27.5275], [89.64562, 27.527025], [89.645595, 27.526935], [89.645545, 27.526755], [89.645545, 27.52675], [89.64537, 27.52648], [89.645305, 27.526355], [89.64521, 27.526125], [89.64517, 27.52599], [89.64514, 27.52587], [89.645125, 27.52583], [89.645075, 27.52567], [89.64506, 27.525505], [89.645075, 27.52534], [89.645155, 27.525005], [89.645195, 27.5248], [89.64525, 27.524625], [89.645275, 27.524565], [89.645275, 27.52456], [89.6453, 27.52433], [89.64533, 27.524165], [89.645395, 27.524015], [89.64549, 27.523875], [89.645535, 27.523825], [89.64554, 27.523825], [89.645545, 27.52382], [89.645545, 27.523815], [89.645735, 27.52294], [89.645735, 27.522935], [89.645735, 27.522605], [89.645685, 27.52198], [89.64557, 27.5215], [89.645545, 27.521305], [89.64555, 27.52057], [89.645555, 27.520505], [89.64578, 27.51813], [89.645545, 27.51631], [89.64554, 27.51623], [89.64551, 27.51521], [89.64551, 27.515185], [89.645505, 27.51492], [89.645515, 27.514775], [89.645555, 27.514635], [89.645615, 27.5145], [89.6457, 27.514385], [89.64581, 27.514285], [89.64593, 27.514205], [89.646065, 27.51415], [89.64621, 27.51412], [89.64904, 27.513815], [89.649165, 27.51379], [89.64917, 27.51379], [89.64917, 27.513785], [89.64917, 27.51378], [89.649145, 27.51205], [89.649145, 27.512015], [89.64916, 27.511465], [89.64916, 27.51146], [89.64916, 27.51142], [89.64916, 27.511415], [89.6491, 27.51136], [89.649095, 27.51136], [89.64764, 27.51112], [89.64758, 27.511105], [89.64704, 27.51098], [89.646915, 27.510935], [89.64543, 27.510305], [89.645275, 27.510215], [89.645125, 27.51011], [89.644005, 27.509425], [89.643895, 27.509345], [89.6438, 27.509245], [89.64372, 27.50913], [89.64368, 27.50903], [89.643675, 27.509025], [89.643675, 27.50902], [89.643675, 27.509015], [89.64367, 27.50901], [89.64321, 27.50871], [89.64305, 27.508655], [89.642965, 27.50863], [89.642825, 27.50858], [89.6427, 27.5085], [89.64259, 27.508395], [89.6425, 27.508275], [89.64244, 27.50814], [89.6424, 27.507995], [89.642395, 27.507845], [89.64241, 27.5077], [89.64246, 27.507555], [89.64253, 27.507425], [89.64263, 27.50731], [89.64274, 27.5072], [89.64292, 27.50693], [89.643065, 27.506575], [89.64311, 27.506435], [89.64315, 27.506325], [89.64321, 27.506225], [89.64327, 27.506135], [89.64327, 27.50613], [89.6433, 27.505995], [89.643305, 27.505815], [89.643305, 27.50581], [89.643285, 27.50575], [89.64325, 27.505605], [89.643215, 27.50536], [89.643125, 27.504745], [89.64312, 27.504635], [89.64312, 27.50454], [89.643125, 27.504425], [89.64314, 27.504315], [89.643145, 27.504305], [89.64317, 27.50413], [89.64317, 27.504125], [89.643125, 27.504015], [89.64309, 27.503975], [89.643065, 27.503935], [89.643065, 27.50393], [89.643065, 27.503925], [89.643035, 27.503875], [89.642975, 27.503715], [89.64295, 27.50355], [89.64296, 27.503385], [89.64299, 27.503225], [89.64299, 27.50304], [89.64297, 27.50293], [89.642965, 27.502925], [89.642925, 27.502835], [89.64287, 27.50267], [89.642855, 27.5025], [89.642855, 27.50245], [89.642875, 27.502275], [89.642935, 27.502105], [89.64299, 27.502], [89.64299, 27.501995], [89.64299, 27.50199], [89.643, 27.501945], [89.64301, 27.50187], [89.643025, 27.501795], [89.643025, 27.50166], [89.643025, 27.501655], [89.643025, 27.50165], [89.642995, 27.50162], [89.64298, 27.501585], [89.64298, 27.50158], [89.642975, 27.50158], [89.64293, 27.501505], [89.64288, 27.50136], [89.642855, 27.50121], [89.64286, 27.501055], [89.642895, 27.500905], [89.642905, 27.50089], [89.64292, 27.50084], [89.642925, 27.50083], [89.64293, 27.50083], [89.64293, 27.500825], [89.64293, 27.500585], [89.64293, 27.50058], [89.642925, 27.50058], [89.642905, 27.500555], [89.64289, 27.50053], [89.64289, 27.500525], [89.64289, 27.50052], [89.642835, 27.500445], [89.642775, 27.5003], [89.642745, 27.50014], [89.642745, 27.499985], [89.64278, 27.49983], [89.642845, 27.49968], [89.642935, 27.49955], [89.643055, 27.499445], [89.64307, 27.499435], [89.64311, 27.499405], [89.64312, 27.4994], [89.643125, 27.499395], [89.643275, 27.49925], [89.643275, 27.499245], [89.643275, 27.49924], [89.643055, 27.498705], [89.643055, 27.4987], [89.642755, 27.498275], [89.64267, 27.49812], [89.64262, 27.49795], [89.64261, 27.497775], [89.64264, 27.49728], [89.64264, 27.497275], [89.64235, 27.496465], [89.64231, 27.496295], [89.64231, 27.49612], [89.642315, 27.49605], [89.64234, 27.49591], [89.64239, 27.49578], [89.64276, 27.495035], [89.64276, 27.495025], [89.64342, 27.49372], [89.643445, 27.493675], [89.643815, 27.49304], [89.643855, 27.49298], [89.64449, 27.49209], [89.644585, 27.491985], [89.6447, 27.49189], [89.64525, 27.49153], [89.64543, 27.49126], [89.64543, 27.491255], [89.645435, 27.491255], [89.645385, 27.490945], [89.645385, 27.49094], [89.64536, 27.49091], [89.64531, 27.490825], [89.6453, 27.490805], [89.64528, 27.49076], [89.64521, 27.490695], [89.64496, 27.49057], [89.644955, 27.49057], [89.64476, 27.49054], [89.643395, 27.49048], [89.64222, 27.49044], [89.64191, 27.49043], [89.641855, 27.490425], [89.641835, 27.49042], [89.64183, 27.49042], [89.641825, 27.490415], [89.641825, 27.49042], [89.64182, 27.49042], [89.64181, 27.49042], [89.641745, 27.49042], [89.64093, 27.490375], [89.6408, 27.49036], [89.640475, 27.490285], [89.640335, 27.49024], [89.640205, 27.49017], [89.64009, 27.490075], [89.639995, 27.48996], [89.639925, 27.48983], [89.639875, 27.489685], [89.63986, 27.48954], [89.639865, 27.48939], [89.639905, 27.489245], [89.639905, 27.48924], [89.6399, 27.48924], [89.6399, 27.489235], [89.639895, 27.489235], [89.63989, 27.489235], [89.639885, 27.48924], [89.639805, 27.489465], [89.6398, 27.48947], [89.63977, 27.48949], [89.639275, 27.490025], [89.639265, 27.49002], [89.63926, 27.49002], [89.63919, 27.490035], [89.63919, 27.49004], [89.639125, 27.49009], [89.63911, 27.490095], [89.63911, 27.4901], [89.639105, 27.490105], [89.639105, 27.49014], [89.639085, 27.49045], [89.63902, 27.491065], [89.639015, 27.491065], [89.63901, 27.491065], [89.639005, 27.491065], [89.639, 27.491065], [89.639, 27.49107], [89.63888, 27.49143], [89.638805, 27.491455], [89.63868, 27.49142], [89.6385, 27.49132], [89.638415, 27.49129], [89.63841, 27.49129], [89.638275, 27.491305], [89.63827, 27.491305], [89.638205, 27.49133], [89.6382, 27.491335], [89.63818, 27.49136], [89.638125, 27.491385], [89.63802, 27.49142], [89.63794, 27.491405], [89.637865, 27.4914], [89.63782, 27.491405], [89.63776, 27.49141], [89.637755, 27.49141], [89.637455, 27.491415], [89.637385, 27.4914], [89.637365, 27.491375], [89.63735, 27.49135], [89.63732, 27.491275], [89.637315, 27.49126], [89.637305, 27.491235], [89.63724, 27.491155], [89.637235, 27.491155], [89.637235, 27.49115], [89.63723, 27.49115], [89.63723, 27.491155], [89.63721, 27.49116], [89.637205, 27.49116], [89.63709, 27.491195], [89.637085, 27.491195], [89.637085, 27.4912], [89.637085, 27.491205], [89.63711, 27.49139], [89.637145, 27.491645], [89.63714, 27.491655], [89.63714, 27.49166], [89.637155, 27.492025], [89.63719, 27.492375], [89.637015, 27.49238], [89.637, 27.49238], [89.636995, 27.49238], [89.636995, 27.492385], [89.63699, 27.492385], [89.63695, 27.492425], [89.636945, 27.492425], [89.636945, 27.49243], [89.636945, 27.492435], [89.636945, 27.49244], [89.63709, 27.492755], [89.637085, 27.49282], [89.637085, 27.492825], [89.637125, 27.492925], [89.637125, 27.49293], [89.63713, 27.49293], [89.637135, 27.492935], [89.637135, 27.49293], [89.63714, 27.49293], [89.63716, 27.49299], [89.637235, 27.493195], [89.63731, 27.49345], [89.63735, 27.493595], [89.637365, 27.493925], [89.637365, 27.49399], [89.63733, 27.493965], [89.637325, 27.493965], [89.63707, 27.493865], [89.63706, 27.49386], [89.63705, 27.49386], [89.636925, 27.49381], [89.63671, 27.493725], [89.63648, 27.493615], [89.636405, 27.493575], [89.636385, 27.49356], [89.636345, 27.49351], [89.63634, 27.49351], [89.636235, 27.493445], [89.63622, 27.493435], [89.63615, 27.49337], [89.636105, 27.493345], [89.63605, 27.49331], [89.6359, 27.493145], [89.635885, 27.49311], [89.63584, 27.492975], [89.635835, 27.492975], [89.635815, 27.492785], [89.635815, 27.49278], [89.63578, 27.492725], [89.63578, 27.49272], [89.635775, 27.49272], [89.63577, 27.49272], [89.635765, 27.49272], [89.635765, 27.492725], [89.635765, 27.49273], [89.635795, 27.492795], [89.635815, 27.49297], [89.635745, 27.49302], [89.635315, 27.493275], [89.635315, 27.49328], [89.63529, 27.493345], [89.63526, 27.49338], [89.635255, 27.493385], [89.635235, 27.493455], [89.635235, 27.49346], [89.635235, 27.4935], [89.635225, 27.493525], [89.635225, 27.49353], [89.635235, 27.49355], [89.635235, 27.493555], [89.635235, 27.49356], [89.635275, 27.49369], [89.635275, 27.493695], [89.63528, 27.493695], [89.635315, 27.49373], [89.635315, 27.493735], [89.63537, 27.493775], [89.635425, 27.493835], [89.63547, 27.493925], [89.635495, 27.49399], [89.63551, 27.49437], [89.63551, 27.49447], [89.63547, 27.49466], [89.635415, 27.49484], [89.63541, 27.49487], [89.635395, 27.494915], [89.635395, 27.49492], [89.6354, 27.494945], [89.635395, 27.494975], [89.635395, 27.49498], [89.63541, 27.49504], [89.635415, 27.49511], [89.635415, 27.495115], [89.63542, 27.495115], [89.63546, 27.49517], [89.635475, 27.4952], [89.63551, 27.495275], [89.63555, 27.495395], [89.635585, 27.495525], [89.635585, 27.49559], [89.63559, 27.49559], [89.63559, 27.495595], [89.635585, 27.495765], [89.635515, 27.49597], [89.635465, 27.49608], [89.63541, 27.49618], [89.635345, 27.496275], [89.63526, 27.496405], [89.6352, 27.496535], [89.635185, 27.496755], [89.635185, 27.49676], [89.635185, 27.49677], [89.635185, 27.49678], [89.635185, 27.496785], [89.635225, 27.49694], [89.63525, 27.497025], [89.63526, 27.49706], [89.63531, 27.49719], [89.63531, 27.497195], [89.635405, 27.49737], [89.63543, 27.497415], [89.635575, 27.49775], [89.63558, 27.49776], [89.63562, 27.49787], [89.635665, 27.498025], [89.63568, 27.49809], [89.63568, 27.4981], [89.63568, 27.498105], [89.63569, 27.498155], [89.63571, 27.498615], [89.6357, 27.49866], [89.635675, 27.498715], [89.635495, 27.498905], [89.635495, 27.49891], [89.635415, 27.49891], [89.63524, 27.498905], [89.635235, 27.49891], [89.634975, 27.49899], [89.63497, 27.49899], [89.634945, 27.499005], [89.63461, 27.499145], [89.634595, 27.499145], [89.6344, 27.499125], [89.63408, 27.499005], [89.63402, 27.498905], [89.634015, 27.49889], [89.63401, 27.49886], [89.633995, 27.49871], [89.633995, 27.498705], [89.633965, 27.498635], [89.63391, 27.498525], [89.633855, 27.498405], [89.633795, 27.49827], [89.63371, 27.49804], [89.633605, 27.497575], [89.63351, 27.497385], [89.63349, 27.49734], [89.63348, 27.49731], [89.633445, 27.497175], [89.63344, 27.497175], [89.63344, 27.49717], [89.63334, 27.497055], [89.6333, 27.497025], [89.63323, 27.496945], [89.63315, 27.49688], [89.633085, 27.49682], [89.632955, 27.4967], [89.632815, 27.49654], [89.632685, 27.496415], [89.63233, 27.4962], [89.63227, 27.49613], [89.631945, 27.49568], [89.63199, 27.49515], [89.63199, 27.495145], [89.631835, 27.4948], [89.631835, 27.494795], [89.63183, 27.494795], [89.63183, 27.49479], [89.631825, 27.49479], [89.63181, 27.49479], [89.631805, 27.49479], [89.631805, 27.494795], [89.6318, 27.494795], [89.6318, 27.4948], [89.6318, 27.494805], [89.631875, 27.495015], [89.631755, 27.49571], [89.63108, 27.496005], [89.63108, 27.49601], [89.631075, 27.49601], [89.631075, 27.496015], [89.631075, 27.49602], [89.63108, 27.49602], [89.63108, 27.496025], [89.631095, 27.496035], [89.631215, 27.49614], [89.63131, 27.496265], [89.63138, 27.49641], [89.631415, 27.496565], [89.63142, 27.496725], [89.631395, 27.49688], [89.63134, 27.49703], [89.631255, 27.497165], [89.631145, 27.49728], [89.630365, 27.497935], [89.630365, 27.49794], [89.630365, 27.497945], [89.63037, 27.49795], [89.63036, 27.498105], [89.63032, 27.49826], [89.630255, 27.4984], [89.63016, 27.498525], [89.63004, 27.49863], [89.6299, 27.49871], [89.62975, 27.49876], [89.629595, 27.49878], [89.629545, 27.49878], [89.629475, 27.498775], [89.62947, 27.498775], [89.62941, 27.49877], [89.629405, 27.49877], [89.6294, 27.49877], [89.62905, 27.498785], [89.628925, 27.498785], [89.628425, 27.49873], [89.62568, 27.4993], [89.625675, 27.4993], [89.625675, 27.499305], [89.625085, 27.49982], [89.624945, 27.499915], [89.624795, 27.49998], [89.624635, 27.500015], [89.624465, 27.50001], [89.623235, 27.499865], [89.622445, 27.499835], [89.622415, 27.49983], [89.62128, 27.499745], [89.621275, 27.499745], [89.621275, 27.49975], [89.62127, 27.49975], [89.62127, 27.499755], [89.62127, 27.49976], [89.621605, 27.5006], [89.621985, 27.501125], [89.62199, 27.50113], [89.62241, 27.501325], [89.622545, 27.501405], [89.62266, 27.50151], [89.622755, 27.50164], [89.622845, 27.50179], [89.62285, 27.50179], [89.62313, 27.501955]]], [[[89.63688, 27.489335], [89.63688, 27.48933], [89.636875, 27.489325], [89.63687, 27.489325], [89.636865, 27.489325], [89.63686, 27.48933], [89.63684, 27.489385], [89.636835, 27.489385], [89.636835, 27.48939], [89.63684, 27.48939], [89.63684, 27.489395], [89.636845, 27.489395], [89.636845, 27.4894], [89.63685, 27.4894], [89.63685, 27.489395], [89.636855, 27.489395], [89.636865, 27.489375], [89.63688, 27.489335]]], [[[89.636685, 27.490265], [89.636685, 27.49027], [89.63669, 27.490275], [89.636695, 27.490275], [89.636695, 27.49028], [89.6367, 27.490275], [89.636705, 27.490275], [89.636705, 27.49027], [89.63671, 27.490245], [89.63671, 27.49024], [89.63671, 27.490235], [89.636705, 27.490235], [89.6367, 27.490235], [89.636695, 27.490235], [89.636695, 27.49024], [89.63669, 27.49025], [89.636685, 27.490265]]], [[[89.636505, 27.490675], [89.636485, 27.490695], [89.63648, 27.4907], [89.63648, 27.490705], [89.636485, 27.490705], [89.636485, 27.49071], [89.63649, 27.49071], [89.636495, 27.49071], [89.6365, 27.49071], [89.63652, 27.49069], [89.636525, 27.490685], [89.636655, 27.49047], [89.636655, 27.490465], [89.63666, 27.49046], [89.63666, 27.490455], [89.636655, 27.49045], [89.636655, 27.490445], [89.63665, 27.490445], [89.636645, 27.490445], [89.636645, 27.49045], [89.63664, 27.49045], [89.636505, 27.490675]]], [[[89.635755, 27.49271], [89.635755, 27.492715], [89.63576, 27.492715], [89.635765, 27.492715], [89.63577, 27.492715], [89.63577, 27.49271], [89.635775, 27.49271], [89.635865, 27.492275], [89.635865, 27.49227], [89.635865, 27.492265], [89.63586, 27.492265], [89.63586, 27.49226], [89.635855, 27.49226], [89.63585, 27.49226], [89.63585, 27.492265], [89.635845, 27.492265], [89.63584, 27.492275], [89.635755, 27.492705], [89.635755, 27.49271]]]]}, "properties": {"saz_id": null, "town": "Thimphu", "db_town": "Thimphu Thromde", "dzongkhag": "Thimphu", "lap_name": "Northern Thimphu", "area_code": "01", "zone_type": "division \u00b7 17 LAPs", "local_area_group": "Northern Thimphu", "division": "Northern Thimphu", "index": 60.5, "has_data": true, "category": "Moderate liveable", "color": "#D4F1DB"}}, {"type": "Feature", "geometry": {"type": "MultiPolygon", "coordinates": [[[[89.661305, 27.44487], [89.66113, 27.444915], [89.661125, 27.44492], [89.661125, 27.444925], [89.661125, 27.44493], [89.661125, 27.444935], [89.66113, 27.444935], [89.661135, 27.444935], [89.661975, 27.444785], [89.661995, 27.44478], [89.662, 27.444775], [89.662, 27.44477], [89.662, 27.44476], [89.662, 27.444755], [89.661995, 27.444755], [89.661995, 27.44475], [89.66199, 27.44475], [89.66199, 27.444755], [89.661955, 27.444765], [89.6617, 27.44477], [89.661695, 27.44477], [89.661305, 27.44487]]], [[[89.660035, 27.44347], [89.66004, 27.44347], [89.6604, 27.44347], [89.66064, 27.443415], [89.66067, 27.44342], [89.660675, 27.44344], [89.66067, 27.44344], [89.660665, 27.44344], [89.660665, 27.443445], [89.660665, 27.44345], [89.660665, 27.443455], [89.66067, 27.44346], [89.660825, 27.44348], [89.66099, 27.443535], [89.66104, 27.443535], [89.66126, 27.44351], [89.66126, 27.443505], [89.661265, 27.443505], [89.661265, 27.4435], [89.66138, 27.44342], [89.661385, 27.44342], [89.661385, 27.443415], [89.661385, 27.44341], [89.661385, 27.443405], [89.661365, 27.443385], [89.661225, 27.443265], [89.661225, 27.44326], [89.66122, 27.44326], [89.660405, 27.4433], [89.6604, 27.4433], [89.660125, 27.44332], [89.65964, 27.44331], [89.659635, 27.44331], [89.65944, 27.44334], [89.659435, 27.44334], [89.65943, 27.443345], [89.65943, 27.44335], [89.65943, 27.443355], [89.659435, 27.443355], [89.659435, 27.44336], [89.65944, 27.44336], [89.6597, 27.44337], [89.6599, 27.44342], [89.659905, 27.44342], [89.659905, 27.443415], [89.65991, 27.443415], [89.65991, 27.44341], [89.65991, 27.443405], [89.6599, 27.443375], [89.659945, 27.443385], [89.65995, 27.44343], [89.659955, 27.44343], [89.659955, 27.443435], [89.65996, 27.443435], [89.660035, 27.44347]]], [[[89.660945, 27.44721], [89.660945, 27.447205], [89.660945, 27.4472], [89.660945, 27.447195], [89.66094, 27.447195], [89.660935, 27.44719], [89.66093, 27.44719], [89.660925, 27.44719], [89.660925, 27.447195], [89.66077, 27.447425], [89.660765, 27.44743], [89.660765, 27.447435], [89.66077, 27.44744], [89.660775, 27.44744], [89.66078, 27.44744], [89.660785, 27.44744], [89.660945, 27.44721]]], [[[89.660475, 27.448055], [89.66048, 27.448055], [89.66048, 27.44806], [89.660485, 27.44806], [89.66049, 27.44806], [89.660495, 27.44806], [89.660495, 27.448055], [89.660495, 27.44805], [89.660475, 27.447895], [89.660475, 27.44789], [89.66047, 27.447885], [89.660465, 27.447885], [89.660455, 27.447885], [89.660455, 27.44789], [89.66045, 27.44789], [89.66045, 27.447895], [89.660445, 27.447895], [89.660445, 27.4479], [89.660475, 27.448055]]], [[[89.598635, 27.47646], [89.598635, 27.476465], [89.598645, 27.476545], [89.598755, 27.479305], [89.59876, 27.47931], [89.59876, 27.479315], [89.598765, 27.479315], [89.601705, 27.479575], [89.60183, 27.479595], [89.60193, 27.47963], [89.601935, 27.479635], [89.60194, 27.479635], [89.60194, 27.47964], [89.601945, 27.479635], [89.60195, 27.479635], [89.601975, 27.479635], [89.60206, 27.479625], [89.60221, 27.479635], [89.60537, 27.480215], [89.60541, 27.480225], [89.60625, 27.480425], [89.606255, 27.480425], [89.608125, 27.480495], [89.608215, 27.480505], [89.60994, 27.480775], [89.61039, 27.480805], [89.61053, 27.480825], [89.610555, 27.480835], [89.610595, 27.480845], [89.6106, 27.480845], [89.6106, 27.48085], [89.610605, 27.48085], [89.61061, 27.48085], [89.61062, 27.480845], [89.61063, 27.480845], [89.610725, 27.48084], [89.610865, 27.48085], [89.61128, 27.480925], [89.611285, 27.480925], [89.61159, 27.48081], [89.611735, 27.480775], [89.61189, 27.480765], [89.612285, 27.480775], [89.612365, 27.48078], [89.612555, 27.480805], [89.61256, 27.480805], [89.612715, 27.48079], [89.61293, 27.480795], [89.61317, 27.48083], [89.613385, 27.4809], [89.61373, 27.48106], [89.613835, 27.48112], [89.61393, 27.481195], [89.614335, 27.48157], [89.61434, 27.48157], [89.614345, 27.48157], [89.61517, 27.481585], [89.615775, 27.48148], [89.61589, 27.481465], [89.616675, 27.48144], [89.61677, 27.48144], [89.617235, 27.48148], [89.61871, 27.48151], [89.61998, 27.481465], [89.620015, 27.481465], [89.62142, 27.48148], [89.621425, 27.48148], [89.621425, 27.481475], [89.62143, 27.481475], [89.62143, 27.48147], [89.621555, 27.48139], [89.6217, 27.481335], [89.62465, 27.48051], [89.624825, 27.48048], [89.625005, 27.48049], [89.62656, 27.48077], [89.62736, 27.480835], [89.62752, 27.480865], [89.627675, 27.48093], [89.62781, 27.48102], [89.627925, 27.48114], [89.62801, 27.481285], [89.628065, 27.48144], [89.62835, 27.482655], [89.628355, 27.48266], [89.62923, 27.483405], [89.629345, 27.48353], [89.62943, 27.483675], [89.62986, 27.48459], [89.62991, 27.48473], [89.62993, 27.48488], [89.629925, 27.485025], [89.62989, 27.485175], [89.62983, 27.48531], [89.629745, 27.48543], [89.62964, 27.485535], [89.629515, 27.48562], [89.628435, 27.486195], [89.627705, 27.48676], [89.627705, 27.486765], [89.627705, 27.48677], [89.627705, 27.486775], [89.62796, 27.48744], [89.627965, 27.48744], [89.627965, 27.487445], [89.62797, 27.487445], [89.627975, 27.48746], [89.62802, 27.48757], [89.62806, 27.48771], [89.628075, 27.48786], [89.628065, 27.48801], [89.628025, 27.488155], [89.627955, 27.48829], [89.627865, 27.488405], [89.627095, 27.48923], [89.627095, 27.489235], [89.62709, 27.489235], [89.62709, 27.48924], [89.627095, 27.489245], [89.627235, 27.489445], [89.62755, 27.489895], [89.627615, 27.489985], [89.627895, 27.490385], [89.627925, 27.49042], [89.62804, 27.490525], [89.62868, 27.4911], [89.62877, 27.491195], [89.628845, 27.4913], [89.629225, 27.49198], [89.62925, 27.49203], [89.62925, 27.492035], [89.62925, 27.49204], [89.62925, 27.492045], [89.630135, 27.493145], [89.630225, 27.493285], [89.630525, 27.493875], [89.630575, 27.494005], [89.6306, 27.49414], [89.630675, 27.494775], [89.63068, 27.49484], [89.63071, 27.4957], [89.63071, 27.495705], [89.630715, 27.495705], [89.630715, 27.49571], [89.631075, 27.496025], [89.63108, 27.496025], [89.631085, 27.496025], [89.63177, 27.495725], [89.631775, 27.49572], [89.631775, 27.495715], [89.631895, 27.495015], [89.631895, 27.49501], [89.63184, 27.49486], [89.63197, 27.49515], [89.631925, 27.49568], [89.631925, 27.495685], [89.631925, 27.49569], [89.63225, 27.496145], [89.632255, 27.496145], [89.63232, 27.496215], [89.63267, 27.49643], [89.6328, 27.496555], [89.63294, 27.49671], [89.632945, 27.496715], [89.63307, 27.496835], [89.633325, 27.49707], [89.633425, 27.49718], [89.63347, 27.49735], [89.633585, 27.49758], [89.63369, 27.498045], [89.633815, 27.49839], [89.633945, 27.498645], [89.633975, 27.498715], [89.63399, 27.498885], [89.63399, 27.49889], [89.63403, 27.498975], [89.634035, 27.498975], [89.634075, 27.499035], [89.63408, 27.499035], [89.63415, 27.49907], [89.634395, 27.499145], [89.6344, 27.499145], [89.63458, 27.49917], [89.634585, 27.49917], [89.63468, 27.499145], [89.634825, 27.499085], [89.63498, 27.499005], [89.63524, 27.498925], [89.63551, 27.498935], [89.635515, 27.498935], [89.635515, 27.49893], [89.63552, 27.49893], [89.635675, 27.49875], [89.63568, 27.498745], [89.63572, 27.49867], [89.63572, 27.498665], [89.635735, 27.498605], [89.635735, 27.4986], [89.635715, 27.4982], [89.635715, 27.498195], [89.635685, 27.49802], [89.635635, 27.49785], [89.63557, 27.497675], [89.63557, 27.49767], [89.635475, 27.497455], [89.635335, 27.497195], [89.635265, 27.49702], [89.635205, 27.496755], [89.63522, 27.49654], [89.635275, 27.496415], [89.63536, 27.496285], [89.635465, 27.496125], [89.63553, 27.495995], [89.635565, 27.495905], [89.6356, 27.49581], [89.6356, 27.495805], [89.635615, 27.495725], [89.63562, 27.495595], [89.63561, 27.49554], [89.63557, 27.49539], [89.63553, 27.495265], [89.63549, 27.49519], [89.63544, 27.495075], [89.635415, 27.494975], [89.635435, 27.494845], [89.63549, 27.49467], [89.63549, 27.494665], [89.63553, 27.494475], [89.63553, 27.49437], [89.63551, 27.493955], [89.63551, 27.49395], [89.63548, 27.4939], [89.635445, 27.49383], [89.635445, 27.493825], [89.635385, 27.49376], [89.63538, 27.49376], [89.63533, 27.49372], [89.635295, 27.493685], [89.635255, 27.493555], [89.635255, 27.49346], [89.635275, 27.49339], [89.63534, 27.493325], [89.635655, 27.49311], [89.63582, 27.49299], [89.63588, 27.493155], [89.63588, 27.49316], [89.636015, 27.493315], [89.636015, 27.49332], [89.63614, 27.49339], [89.63621, 27.49345], [89.63639, 27.49359], [89.636395, 27.49359], [89.63669, 27.49375], [89.636695, 27.49375], [89.637055, 27.49388], [89.637365, 27.49401], [89.637365, 27.494015], [89.63737, 27.494015], [89.63737, 27.49402], [89.637375, 27.49402], [89.63738, 27.49402], [89.637385, 27.49402], [89.637385, 27.494015], [89.637385, 27.49401], [89.63739, 27.49401], [89.63739, 27.494005], [89.637385, 27.494], [89.63738, 27.493605], [89.637255, 27.49319], [89.63712, 27.492825], [89.63712, 27.492765], [89.63712, 27.49276], [89.63697, 27.492435], [89.637005, 27.4924], [89.637225, 27.492405], [89.63723, 27.492405], [89.637235, 27.4924], [89.637235, 27.492395], [89.637175, 27.491715], [89.63711, 27.49122], [89.63723, 27.491175], [89.637285, 27.491245], [89.637335, 27.49137], [89.637335, 27.491375], [89.637375, 27.491415], [89.63738, 27.491415], [89.637455, 27.491435], [89.63746, 27.491435], [89.637525, 27.49145], [89.63753, 27.49145], [89.637845, 27.491425], [89.63801, 27.491445], [89.638015, 27.491445], [89.63812, 27.49141], [89.638155, 27.4914], [89.63821, 27.491365], [89.638215, 27.491365], [89.63826, 27.49133], [89.638405, 27.491315], [89.638495, 27.49135], [89.638655, 27.49146], [89.63866, 27.49146], [89.638805, 27.49148], [89.63881, 27.49148], [89.638895, 27.491445], [89.6389, 27.491445], [89.6389, 27.49144], [89.63902, 27.491085], [89.639035, 27.491095], [89.63904, 27.491095], [89.639045, 27.491095], [89.63905, 27.491095], [89.63905, 27.49109], [89.63912, 27.490615], [89.639125, 27.490615], [89.639125, 27.490115], [89.63927, 27.490055], [89.639275, 27.49005], [89.639785, 27.489505], [89.63981, 27.489485], [89.639815, 27.489485], [89.63982, 27.489485], [89.63982, 27.48948], [89.64002, 27.48893], [89.64002, 27.488925], [89.640025, 27.48824], [89.640025, 27.488235], [89.6397, 27.487585], [89.63964, 27.48742], [89.6396, 27.48725], [89.6396, 27.487245], [89.639455, 27.48682], [89.63908, 27.48601], [89.63902, 27.485835], [89.639005, 27.485655], [89.63901, 27.48544], [89.639025, 27.485305], [89.639065, 27.485175], [89.63912, 27.485055], [89.639805, 27.483905], [89.640605, 27.481385], [89.640605, 27.48138], [89.64058, 27.481155], [89.640575, 27.481155], [89.640505, 27.4809], [89.640505, 27.48089], [89.640435, 27.480625], [89.64041, 27.48049], [89.64041, 27.48036], [89.64046, 27.47977], [89.64049, 27.4796], [89.640615, 27.4792], [89.64066, 27.479085], [89.64072, 27.47898], [89.641615, 27.477685], [89.64173, 27.477555], [89.642845, 27.47653], [89.642845, 27.476525], [89.64285, 27.476515], [89.642945, 27.476375], [89.643075, 27.476265], [89.64322, 27.47618], [89.643385, 27.47613], [89.643555, 27.476115], [89.64399, 27.47613], [89.64399, 27.476125], [89.643995, 27.476125], [89.644715, 27.474875], [89.64522, 27.473755], [89.64522, 27.47375], [89.645275, 27.47314], [89.645275, 27.473135], [89.64509, 27.47251], [89.64506, 27.472365], [89.64506, 27.472215], [89.64506, 27.472165], [89.645065, 27.472145], [89.645065, 27.47214], [89.64527, 27.470285], [89.64527, 27.47027], [89.645275, 27.47027], [89.645275, 27.470265], [89.645285, 27.470185], [89.645285, 27.47018], [89.645315, 27.470045], [89.64537, 27.469915], [89.645445, 27.469795], [89.64554, 27.46969], [89.645655, 27.46961], [89.64679, 27.468915], [89.64692, 27.46885], [89.647065, 27.46881], [89.64721, 27.4688], [89.64736, 27.468815], [89.6475, 27.468855], [89.64848, 27.46926], [89.648485, 27.46926], [89.64849, 27.469265], [89.6485, 27.469265], [89.64898, 27.469435], [89.648995, 27.46944], [89.649725, 27.46971], [89.650655, 27.470045], [89.65066, 27.47005], [89.651075, 27.470205], [89.651255, 27.470295], [89.651795, 27.47068], [89.6518, 27.47068], [89.65203, 27.470755], [89.652035, 27.470755], [89.65204, 27.470755], [89.65217, 27.470705], [89.65217, 27.4707], [89.652175, 27.4707], [89.65233, 27.470575], [89.652335, 27.470575], [89.652335, 27.47057], [89.65239, 27.47024], [89.65239, 27.470235], [89.65239, 27.47023], [89.652275, 27.47011], [89.65227, 27.47011], [89.652205, 27.47008], [89.65208, 27.470005], [89.651975, 27.469905], [89.651885, 27.46979], [89.65182, 27.46966], [89.651735, 27.46946], [89.651735, 27.469455], [89.651725, 27.469445], [89.651655, 27.469335], [89.651595, 27.46919], [89.65157, 27.469045], [89.65157, 27.469], [89.65157, 27.468995], [89.65156, 27.46894], [89.65156, 27.468935], [89.65154, 27.46878], [89.651555, 27.46862], [89.651605, 27.46846], [89.65168, 27.46832], [89.65179, 27.468195], [89.651915, 27.468075], [89.65192, 27.46807], [89.65197, 27.46766], [89.651995, 27.467545], [89.652005, 27.467515], [89.65201, 27.46749], [89.65201, 27.467485], [89.652015, 27.467485], [89.652015, 27.46748], [89.65215, 27.46654], [89.65217, 27.46644], [89.6523, 27.465975], [89.652375, 27.465795], [89.65249, 27.46564], [89.652825, 27.46529], [89.65289, 27.465225], [89.653335, 27.464855], [89.653335, 27.46485], [89.653335, 27.464845], [89.65327, 27.464565], [89.653265, 27.46456], [89.65317, 27.46448], [89.653165, 27.46448], [89.65316, 27.464475], [89.653115, 27.46445], [89.653115, 27.464445], [89.65311, 27.464445], [89.653085, 27.464425], [89.652965, 27.46432], [89.652875, 27.46419], [89.652805, 27.464045], [89.65275, 27.46388], [89.65264, 27.463655], [89.652625, 27.46363], [89.65239, 27.463115], [89.65239, 27.46311], [89.651855, 27.462335], [89.65185, 27.462335], [89.65134, 27.46202], [89.651335, 27.462015], [89.651185, 27.46201], [89.65118, 27.46201], [89.65102, 27.46207], [89.650995, 27.46208], [89.650715, 27.462175], [89.650605, 27.462205], [89.649925, 27.46233], [89.64981, 27.462345], [89.649765, 27.462345], [89.6496, 27.462335], [89.64951, 27.46232], [89.64935, 27.462275], [89.6492, 27.4622], [89.649075, 27.46209], [89.64898, 27.46197], [89.64898, 27.461965], [89.648975, 27.461965], [89.648975, 27.46196], [89.64897, 27.46196], [89.648775, 27.461925], [89.64863, 27.461885], [89.648495, 27.46182], [89.648375, 27.46173], [89.648275, 27.46162], [89.6482, 27.46149], [89.648145, 27.46135], [89.64812, 27.461205], [89.648125, 27.461055], [89.648155, 27.46091], [89.648215, 27.46077], [89.648295, 27.46065], [89.648395, 27.46055], [89.64842, 27.460535], [89.64842, 27.46053], [89.648425, 27.460525], [89.64843, 27.460515], [89.648435, 27.460515], [89.64847, 27.460475], [89.64898, 27.459995], [89.648995, 27.45997], [89.6491, 27.459865], [89.649185, 27.4598], [89.649905, 27.45903], [89.650045, 27.458915], [89.6502, 27.45883], [89.65047, 27.458725], [89.65073, 27.45859], [89.650735, 27.458585], [89.65075, 27.458575], [89.651025, 27.45843], [89.65139, 27.45818], [89.6514, 27.458175], [89.652275, 27.457585], [89.65302, 27.45704], [89.65302, 27.457035], [89.65302, 27.45703], [89.65305, 27.457005], [89.653065, 27.456985], [89.653155, 27.456895], [89.653255, 27.45682], [89.653395, 27.456735], [89.653505, 27.45668], [89.6537, 27.4566], [89.65385, 27.45655], [89.65401, 27.456535], [89.65422, 27.45654], [89.65474, 27.45637], [89.655145, 27.456205], [89.65515, 27.4562], [89.65527, 27.456155], [89.655415, 27.45611], [89.65557, 27.456095], [89.65572, 27.45611], [89.655865, 27.456155], [89.656, 27.456225], [89.656115, 27.456315], [89.656115, 27.45632], [89.65612, 27.45632], [89.656125, 27.45632], [89.656125, 27.456315], [89.65613, 27.456315], [89.65613, 27.45631], [89.65613, 27.456305], [89.655775, 27.45588], [89.65604, 27.45574], [89.656185, 27.45569], [89.65619, 27.45569], [89.656245, 27.455635], [89.656585, 27.455455], [89.6566, 27.45545], [89.656605, 27.45545], [89.65673, 27.4554], [89.656885, 27.45532], [89.65689, 27.45532], [89.65689, 27.455315], [89.657245, 27.45512], [89.65731, 27.455115], [89.65731, 27.45511], [89.657365, 27.455095], [89.657365, 27.45509], [89.65737, 27.45509], [89.657395, 27.45503], [89.6574, 27.455025], [89.65785, 27.455015], [89.659295, 27.455495], [89.6593, 27.455495], [89.659305, 27.45549], [89.659305, 27.455485], [89.659305, 27.45548], [89.659305, 27.455475], [89.6593, 27.455475], [89.65869, 27.455235], [89.657865, 27.454995], [89.65786, 27.454995], [89.65741, 27.454985], [89.657415, 27.454975], [89.657415, 27.45497], [89.657385, 27.4549], [89.657385, 27.454895], [89.65733, 27.454855], [89.65726, 27.454785], [89.657255, 27.454785], [89.657255, 27.45478], [89.65725, 27.45478], [89.65724, 27.45478], [89.657115, 27.45477], [89.656995, 27.45478], [89.656965, 27.454745], [89.65681, 27.454485], [89.656805, 27.45445], [89.656805, 27.454445], [89.6568, 27.454445], [89.6568, 27.45444], [89.65645, 27.45423], [89.65646, 27.454195], [89.656465, 27.454195], [89.65647, 27.454195], [89.65647, 27.45419], [89.65664, 27.45394], [89.656645, 27.453935], [89.65679, 27.453625], [89.65679, 27.45362], [89.65679, 27.453615], [89.656785, 27.453615], [89.656785, 27.45361], [89.65678, 27.453605], [89.656775, 27.453605], [89.65599, 27.453095], [89.655985, 27.453095], [89.65499, 27.452805], [89.654985, 27.452795], [89.65499, 27.45261], [89.654995, 27.452605], [89.655, 27.4526], [89.65503, 27.452155], [89.655045, 27.451605], [89.655045, 27.4516], [89.65498, 27.45149], [89.654975, 27.45149], [89.654975, 27.451485], [89.65497, 27.451485], [89.654965, 27.451485], [89.654965, 27.45149], [89.65482, 27.451625], [89.654665, 27.451745], [89.654145, 27.45225], [89.654045, 27.45231], [89.654005, 27.452335], [89.654, 27.452335], [89.653845, 27.452435], [89.65383, 27.45244], [89.653735, 27.452455], [89.653515, 27.45249], [89.65345, 27.45252], [89.65337, 27.452545], [89.653145, 27.452465], [89.65314, 27.452465], [89.65311, 27.452465], [89.65301, 27.452425], [89.65306, 27.452105], [89.65306, 27.4521], [89.65302, 27.45188], [89.653025, 27.451375], [89.653025, 27.45137], [89.65317, 27.451025], [89.653215, 27.45095], [89.65351, 27.45079], [89.653775, 27.45044], [89.65388, 27.45042], [89.65454, 27.450315], [89.654555, 27.45032], [89.65456, 27.45032], [89.654565, 27.450315], [89.65458, 27.450325], [89.654585, 27.450325], [89.654785, 27.450285], [89.65499, 27.450155], [89.655245, 27.449885], [89.65558, 27.449555], [89.65558, 27.44955], [89.655635, 27.44948], [89.655895, 27.44922], [89.656115, 27.44904], [89.65705, 27.448215], [89.65705, 27.44821], [89.657055, 27.44821], [89.657055, 27.448205], [89.65705, 27.4482], [89.657045, 27.448195], [89.657995, 27.447335], [89.658, 27.447335], [89.658, 27.44733], [89.658, 27.447325], [89.658715, 27.44686], [89.65913, 27.446635], [89.659435, 27.44682], [89.659405, 27.44702], [89.659405, 27.447025], [89.65941, 27.447025], [89.65941, 27.44703], [89.659415, 27.44703], [89.65942, 27.44703], [89.65942, 27.447025], [89.659425, 27.447025], [89.659425, 27.44702], [89.66011, 27.44512], [89.66019, 27.445105], [89.660195, 27.445105], [89.660195, 27.4451], [89.6602, 27.445095], [89.660215, 27.444645], [89.660215, 27.44464], [89.66013, 27.44446], [89.66013, 27.444455], [89.660125, 27.444455], [89.659995, 27.444335], [89.659925, 27.444255], [89.65992, 27.444255], [89.65992, 27.44425], [89.659235, 27.444065], [89.65923, 27.444065], [89.659225, 27.444065], [89.659195, 27.44408], [89.65916, 27.44408], [89.65908, 27.444055], [89.659005, 27.444015], [89.658905, 27.443945], [89.65888, 27.44389], [89.65888, 27.443885], [89.658875, 27.443885], [89.658775, 27.44385], [89.658705, 27.44382], [89.65862, 27.443755], [89.658415, 27.443585], [89.65839, 27.44352], [89.658385, 27.44352], [89.658385, 27.443515], [89.65838, 27.443515], [89.658265, 27.443535], [89.658135, 27.4433], [89.658125, 27.44326], [89.657865, 27.44273], [89.657725, 27.44253], [89.65764, 27.442325], [89.657525, 27.442185], [89.657515, 27.44216], [89.657695, 27.44147], [89.657695, 27.441465], [89.65769, 27.44146], [89.657685, 27.441455], [89.657665, 27.441455], [89.657595, 27.44137], [89.657335, 27.441095], [89.65715, 27.440895], [89.657145, 27.440895], [89.65714, 27.440895], [89.657135, 27.440895], [89.657135, 27.4409], [89.657135, 27.440905], [89.657135, 27.44091], [89.65723, 27.441035], [89.6573, 27.441175], [89.65734, 27.441325], [89.65735, 27.441485], [89.657325, 27.44164], [89.65727, 27.441785], [89.65719, 27.44192], [89.657085, 27.442035], [89.65696, 27.44213], [89.656815, 27.442195], [89.65666, 27.44223], [89.653505, 27.44265], [89.6535, 27.44265], [89.652105, 27.443455], [89.6521, 27.443455], [89.65054, 27.444575], [89.65048, 27.444615], [89.65042, 27.44465], [89.650415, 27.44465], [89.65041, 27.44465], [89.64058, 27.451845], [89.64058, 27.45185], [89.640535, 27.45189], [89.64053, 27.45189], [89.640525, 27.45189], [89.64049, 27.451925], [89.639255, 27.45289], [89.63913, 27.45297], [89.638635, 27.45322], [89.637735, 27.453685], [89.63698, 27.454075], [89.63652, 27.45431], [89.636515, 27.454315], [89.635915, 27.45462], [89.635605, 27.45478], [89.635295, 27.45494], [89.63529, 27.45494], [89.63489, 27.455145], [89.634575, 27.455305], [89.634145, 27.45553], [89.634135, 27.45553], [89.63378, 27.45571], [89.63375, 27.455725], [89.633015, 27.456055], [89.63301, 27.45606], [89.632435, 27.456315], [89.632175, 27.456435], [89.632025, 27.456485], [89.63187, 27.456505], [89.631825, 27.45651], [89.63129, 27.456735], [89.628365, 27.45878], [89.628285, 27.458825], [89.628235, 27.458855], [89.62823, 27.458855], [89.628225, 27.458855], [89.62703, 27.45966], [89.626825, 27.45976], [89.625465, 27.46018], [89.625465, 27.460185], [89.62546, 27.460185], [89.62546, 27.46019], [89.62546, 27.460195], [89.62569, 27.461165], [89.62569, 27.46117], [89.625695, 27.46117], [89.626825, 27.462925], [89.62683, 27.46293], [89.62683, 27.462935], [89.62683, 27.46294], [89.627315, 27.463395], [89.62741, 27.463505], [89.627485, 27.463625], [89.627535, 27.46376], [89.62756, 27.4639], [89.62756, 27.464045], [89.62742, 27.4655], [89.6274, 27.46562], [89.62736, 27.465735], [89.62712, 27.46629], [89.627045, 27.466425], [89.62695, 27.466545], [89.62683, 27.46664], [89.626715, 27.4667], [89.626285, 27.46692], [89.62628, 27.466925], [89.62628, 27.46693], [89.62631, 27.46714], [89.626315, 27.46726], [89.626305, 27.467385], [89.62626, 27.46765], [89.62626, 27.467655], [89.62627, 27.467905], [89.62627, 27.46791], [89.62636, 27.46813], [89.626365, 27.46813], [89.6267, 27.46845], [89.6268, 27.468565], [89.62688, 27.4687], [89.62693, 27.468845], [89.62695, 27.469], [89.62694, 27.469155], [89.6269, 27.469305], [89.62683, 27.46944], [89.626735, 27.469565], [89.62662, 27.469665], [89.626465, 27.469775], [89.626465, 27.46978], [89.62642, 27.46983], [89.62629, 27.46995], [89.62613, 27.47004], [89.62608, 27.470065], [89.626075, 27.470065], [89.626075, 27.47007], [89.62606, 27.470105], [89.626055, 27.47011], [89.625975, 27.470235], [89.625875, 27.47034], [89.625755, 27.470425], [89.625625, 27.47049], [89.62548, 27.470525], [89.62546, 27.47053], [89.625455, 27.47053], [89.62545, 27.47053], [89.62481, 27.470635], [89.624805, 27.470635], [89.6248, 27.470635], [89.62355, 27.47089], [89.623545, 27.470895], [89.62354, 27.470895], [89.622245, 27.471185], [89.622205, 27.471195], [89.6222, 27.471195], [89.6222, 27.4712], [89.6222, 27.471205], [89.6222, 27.47121], [89.622185, 27.47128], [89.622185, 27.471285], [89.62213, 27.471435], [89.62205, 27.47157], [89.621945, 27.471685], [89.621815, 27.47178], [89.621675, 27.47185], [89.62152, 27.471885], [89.621255, 27.47192], [89.621205, 27.471925], [89.621035, 27.47194], [89.620805, 27.47192], [89.620775, 27.471915], [89.620605, 27.471855], [89.620455, 27.47176], [89.620325, 27.471635], [89.620305, 27.471605], [89.620305, 27.4716], [89.62003, 27.471325], [89.620025, 27.471325], [89.620025, 27.47132], [89.619675, 27.4713], [89.61967, 27.4713], [89.61967, 27.471305], [89.619665, 27.471305], [89.619665, 27.47131], [89.619665, 27.471315], [89.6198, 27.47149], [89.619865, 27.47159], [89.619915, 27.471695], [89.61996, 27.47182], [89.619995, 27.47195], [89.62001, 27.472085], [89.62, 27.472225], [89.61994, 27.47259], [89.61994, 27.472595], [89.61994, 27.4726], [89.61994, 27.472615], [89.61994, 27.472745], [89.61991, 27.472905], [89.61984, 27.47306], [89.61974, 27.4732], [89.619335, 27.47365], [89.61924, 27.473735], [89.619135, 27.47381], [89.61831, 27.47427], [89.618305, 27.47427], [89.618305, 27.474275], [89.618305, 27.47428], [89.61828, 27.474305], [89.61764, 27.475195], [89.617535, 27.47531], [89.617415, 27.475405], [89.61728, 27.475475], [89.61713, 27.475515], [89.61698, 27.475525], [89.61691, 27.475525], [89.616905, 27.475525], [89.61599, 27.475685], [89.615885, 27.4757], [89.615635, 27.47571], [89.61558, 27.47571], [89.615405, 27.47571], [89.61522, 27.475685], [89.614855, 27.4756], [89.61482, 27.475595], [89.61479, 27.47559], [89.614785, 27.47559], [89.61469, 27.475575], [89.614565, 27.475535], [89.614445, 27.47547], [89.614145, 27.475275], [89.61414, 27.475275], [89.6138, 27.47522], [89.613325, 27.475185], [89.61324, 27.47517], [89.613235, 27.47517], [89.61206, 27.47499], [89.61186, 27.47493], [89.61094, 27.474525], [89.60864, 27.473795], [89.6074, 27.47373], [89.60726, 27.47371], [89.607125, 27.473665], [89.607005, 27.4736], [89.606895, 27.47351], [89.60604, 27.4727], [89.60601, 27.472675], [89.60601, 27.47267], [89.606005, 27.47267], [89.60469, 27.472725], [89.60452, 27.47271], [89.60436, 27.472665], [89.60308, 27.47214], [89.603075, 27.47214], [89.59853, 27.473485], [89.598525, 27.473485], [89.598525, 27.47349], [89.598525, 27.473495], [89.598625, 27.476385], [89.598625, 27.47639], [89.59863, 27.476395], [89.598635, 27.47646]]], [[[89.65979, 27.448], [89.659795, 27.448], [89.659795, 27.447995], [89.6598, 27.447995], [89.6598, 27.44799], [89.6598, 27.447985], [89.659795, 27.447985], [89.659795, 27.44798], [89.65979, 27.44798], [89.659785, 27.44798], [89.65953, 27.448015], [89.659525, 27.44802], [89.65952, 27.448025], [89.65952, 27.44803], [89.659525, 27.44803], [89.659525, 27.448035], [89.65953, 27.448035], [89.659575, 27.448045], [89.65958, 27.448045], [89.65972, 27.44803], [89.659725, 27.44803], [89.65979, 27.448]]], [[[89.657995, 27.452685], [89.65799, 27.452685], [89.65799, 27.45269], [89.65799, 27.452695], [89.65799, 27.4527], [89.657995, 27.4527], [89.657995, 27.452705], [89.658, 27.452705], [89.658315, 27.45258], [89.65832, 27.45258], [89.65832, 27.452575], [89.658325, 27.452575], [89.658325, 27.45257], [89.658325, 27.452565], [89.65832, 27.452565], [89.65832, 27.45256], [89.658315, 27.45256], [89.65831, 27.45256], [89.65807, 27.452645], [89.658065, 27.452645], [89.657995, 27.452685]]], [[[89.657975, 27.45604], [89.65797, 27.45604], [89.65797, 27.456045], [89.657965, 27.456045], [89.657965, 27.45605], [89.657965, 27.456055], [89.65797, 27.456055], [89.65797, 27.45606], [89.657975, 27.45606], [89.6581, 27.45605], [89.658225, 27.45606], [89.65823, 27.45606], [89.658235, 27.45606], [89.658235, 27.456055], [89.65824, 27.45605], [89.658235, 27.45605], [89.658235, 27.456045], [89.658235, 27.45604], [89.65823, 27.45604], [89.658105, 27.45602], [89.6581, 27.45602], [89.657975, 27.45604]]], [[[89.65763, 27.451795], [89.657625, 27.45179], [89.657585, 27.45177], [89.65758, 27.45177], [89.657575, 27.45177], [89.657575, 27.451775], [89.65757, 27.451775], [89.65757, 27.45178], [89.657675, 27.452145], [89.65768, 27.452145], [89.65768, 27.45215], [89.657685, 27.45215], [89.65769, 27.45215], [89.657695, 27.452145], [89.657695, 27.45214], [89.65769, 27.4521], [89.657695, 27.4521], [89.657695, 27.452095], [89.657695, 27.45209], [89.65763, 27.451795]]], [[[89.65694, 27.45098], [89.65694, 27.450985], [89.656945, 27.450985], [89.65695, 27.450985], [89.656955, 27.450985], [89.656985, 27.450955], [89.656985, 27.45095], [89.65699, 27.45095], [89.65699, 27.450945], [89.656985, 27.45091], [89.656985, 27.450905], [89.6569, 27.45078], [89.656895, 27.450775], [89.656825, 27.450725], [89.65678, 27.450655], [89.656775, 27.45065], [89.65677, 27.45065], [89.65677, 27.450655], [89.656765, 27.450655], [89.656765, 27.45066], [89.656765, 27.450665], [89.65694, 27.45098]]], [[[89.65535, 27.451195], [89.655035, 27.45145], [89.65503, 27.451455], [89.65503, 27.45146], [89.65503, 27.451465], [89.655035, 27.451465], [89.65504, 27.45147], [89.655045, 27.45147], [89.655045, 27.451465], [89.656105, 27.450745], [89.65611, 27.45074], [89.65611, 27.450735], [89.65611, 27.45073], [89.65611, 27.450725], [89.656105, 27.450725], [89.656035, 27.450675], [89.65603, 27.450675], [89.656025, 27.450675], [89.65535, 27.45119], [89.65535, 27.451195]]]]}, "properties": {"saz_id": null, "town": "Thimphu", "db_town": "Thimphu Thromde", "dzongkhag": "Thimphu", "lap_name": "Central Thimphu", "area_code": "02", "zone_type": "division \u00b7 43 LAPs", "local_area_group": "Central Thimphu", "division": "Central Thimphu", "index": 60.3, "has_data": true, "category": "Moderate liveable", "color": "#D4F1DB"}}, {"type": "Feature", "geometry": {"type": "Polygon", "coordinates": [[[89.64328, 27.428145], [89.642045, 27.430115], [89.64204, 27.430115], [89.64204, 27.43012], [89.64204, 27.430125], [89.642045, 27.430125], [89.6422, 27.430315], [89.6422, 27.43032], [89.642205, 27.43032], [89.64532, 27.43147], [89.64549, 27.43156], [89.645635, 27.431685], [89.64786, 27.43416], [89.647865, 27.434165], [89.64854, 27.4346], [89.64854, 27.434605], [89.64874, 27.434655], [89.6489, 27.43472], [89.649045, 27.43482], [89.649165, 27.434945], [89.65001, 27.43607], [89.650015, 27.43607], [89.651435, 27.436945], [89.655295, 27.43868], [89.655435, 27.43876], [89.65555, 27.43887], [89.65565, 27.438995], [89.655655, 27.43901], [89.655655, 27.439015], [89.655655, 27.43902], [89.65604, 27.43953], [89.65605, 27.439545], [89.65632, 27.439925], [89.656325, 27.43993], [89.65665, 27.440355], [89.657005, 27.44077], [89.65732, 27.441105], [89.65758, 27.441385], [89.657655, 27.44147], [89.657655, 27.441475], [89.65766, 27.441475], [89.65767, 27.441475], [89.65749, 27.442165], [89.65749, 27.44217], [89.657495, 27.442175], [89.65762, 27.442335], [89.65771, 27.442535], [89.65771, 27.44254], [89.65785, 27.44274], [89.658105, 27.443265], [89.65817, 27.443565], [89.658175, 27.443565], [89.658175, 27.44357], [89.65818, 27.44357], [89.658185, 27.44357], [89.658375, 27.443535], [89.6584, 27.443595], [89.6584, 27.4436], [89.658605, 27.443775], [89.658695, 27.44384], [89.65877, 27.44387], [89.658865, 27.443905], [89.658885, 27.443955], [89.658885, 27.44396], [89.65889, 27.44396], [89.65899, 27.444035], [89.658995, 27.444035], [89.659075, 27.44407], [89.659075, 27.444075], [89.659155, 27.4441], [89.65916, 27.4441], [89.659195, 27.4441], [89.6592, 27.4441], [89.65923, 27.444085], [89.65991, 27.44427], [89.65998, 27.44435], [89.66011, 27.44447], [89.660195, 27.444645], [89.66018, 27.445085], [89.6601, 27.4451], [89.660095, 27.4451], [89.66009, 27.445105], [89.65944, 27.446925], [89.659455, 27.44682], [89.659455, 27.446815], [89.659455, 27.44681], [89.65945, 27.44681], [89.659135, 27.446615], [89.659135, 27.44661], [89.65913, 27.44661], [89.659125, 27.44661], [89.65826, 27.447085], [89.65796, 27.44729], [89.657955, 27.44729], [89.657955, 27.447295], [89.657955, 27.4473], [89.657955, 27.447305], [89.657975, 27.44733], [89.657025, 27.448185], [89.65702, 27.44819], [89.65702, 27.448195], [89.657025, 27.4482], [89.65703, 27.448205], [89.656105, 27.449025], [89.6557, 27.449355], [89.655695, 27.449355], [89.655695, 27.44936], [89.655565, 27.44954], [89.655235, 27.44987], [89.65523, 27.44987], [89.654975, 27.45014], [89.654775, 27.450265], [89.654585, 27.450305], [89.65455, 27.450285], [89.654545, 27.450285], [89.65454, 27.450285], [89.65454, 27.45029], [89.654535, 27.45029], [89.654535, 27.450295], [89.653775, 27.45042], [89.65377, 27.45042], [89.653765, 27.45042], [89.653495, 27.450775], [89.653205, 27.45093], [89.653205, 27.450935], [89.6532, 27.450935], [89.653015, 27.45123], [89.653015, 27.451235], [89.652975, 27.45176], [89.652975, 27.451765], [89.65304, 27.4521], [89.65299, 27.45243], [89.65299, 27.452435], [89.652995, 27.45244], [89.65336, 27.45258], [89.653365, 27.45258], [89.65337, 27.45258], [89.65352, 27.45251], [89.65383, 27.45246], [89.653835, 27.45246], [89.654155, 27.452265], [89.65468, 27.45176], [89.654965, 27.451535], [89.654955, 27.45281], [89.65496, 27.452815], [89.65496, 27.45282], [89.654965, 27.45282], [89.65598, 27.45311], [89.656755, 27.453615], [89.656405, 27.45424], [89.656405, 27.454245], [89.656405, 27.45425], [89.65641, 27.454255], [89.65678, 27.454475], [89.65697, 27.454795], [89.65697, 27.4548], [89.656975, 27.4548], [89.657245, 27.4548], [89.657375, 27.455], [89.657375, 27.455005], [89.65738, 27.455005], [89.657395, 27.455005], [89.655755, 27.45587], [89.65575, 27.45587], [89.65575, 27.455875], [89.65575, 27.45588], [89.65575, 27.455885], [89.656135, 27.456345], [89.65614, 27.456345], [89.656145, 27.45635], [89.6581, 27.45604], [89.659065, 27.456195], [89.659205, 27.45623], [89.65933, 27.456285], [89.659725, 27.45651], [89.6598, 27.45656], [89.65981, 27.45656], [89.65981, 27.456565], [89.65981, 27.45657], [89.659815, 27.45657], [89.66227, 27.458015], [89.6624, 27.45811], [89.662515, 27.45824], [89.662595, 27.458385], [89.66263, 27.458495], [89.66263, 27.4585], [89.66264, 27.458535], [89.66265, 27.45857], [89.66265, 27.458575], [89.66325, 27.459455], [89.663255, 27.45946], [89.66326, 27.45946], [89.664625, 27.45982], [89.66477, 27.45987], [89.664905, 27.459955], [89.66502, 27.46006], [89.66542, 27.46052], [89.665425, 27.46052], [89.66637, 27.460915], [89.666535, 27.46101], [89.666675, 27.46114], [89.667075, 27.46162], [89.667075, 27.461625], [89.66708, 27.461625], [89.667335, 27.461685], [89.66748, 27.461735], [89.66761, 27.46181], [89.66811, 27.46216], [89.66813, 27.462175], [89.668135, 27.46218], [89.668135, 27.462185], [89.66814, 27.462185], [89.66869, 27.46243], [89.668695, 27.46243], [89.66932, 27.46241], [89.669325, 27.46241], [89.67031, 27.46215], [89.67031, 27.462145], [89.670315, 27.462145], [89.671165, 27.460965], [89.67126, 27.460565], [89.6713, 27.46045], [89.671505, 27.45995], [89.671505, 27.459945], [89.671425, 27.45783], [89.67143, 27.4577], [89.671435, 27.45767], [89.671435, 27.457665], [89.67144, 27.457665], [89.67144, 27.45766], [89.67143, 27.45762], [89.67143, 27.457605], [89.671435, 27.457445], [89.671475, 27.45729], [89.67154, 27.457145], [89.671575, 27.4571], [89.67159, 27.45707], [89.6716, 27.457065], [89.6716, 27.45706], [89.671605, 27.45706], [89.671605, 27.457055], [89.671605, 27.45705], [89.671595, 27.45704], [89.67159, 27.45699], [89.67159, 27.456825], [89.671625, 27.45666], [89.671695, 27.45651], [89.671735, 27.45644], [89.671735, 27.456435], [89.671735, 27.45643], [89.67145, 27.45584], [89.671395, 27.455685], [89.67137, 27.45552], [89.671385, 27.455355], [89.672125, 27.45135], [89.672125, 27.451345], [89.672115, 27.451065], [89.67213, 27.450905], [89.67217, 27.450755], [89.67224, 27.450615], [89.67252, 27.450175], [89.67252, 27.45017], [89.67252, 27.450165], [89.67252, 27.45016], [89.672515, 27.45016], [89.672505, 27.450155], [89.672495, 27.45014], [89.672405, 27.450015], [89.672345, 27.449875], [89.67231, 27.449725], [89.672305, 27.44957], [89.672325, 27.44942], [89.67238, 27.449275], [89.67246, 27.449145], [89.67592, 27.444595], [89.67592, 27.44459], [89.67592, 27.444585], [89.675955, 27.44453], [89.675955, 27.444525], [89.67596, 27.444525], [89.67599, 27.444465], [89.681345, 27.43677], [89.681345, 27.436765], [89.681385, 27.43615], [89.681385, 27.436145], [89.681385, 27.43612], [89.68139, 27.43612], [89.68139, 27.436115], [89.68139, 27.43611], [89.6799, 27.432735], [89.679865, 27.432625], [89.67984, 27.43251], [89.67961, 27.430535], [89.679605, 27.43053], [89.6796, 27.430525], [89.679595, 27.430525], [89.675745, 27.43085], [89.675605, 27.43085], [89.67547, 27.430825], [89.675345, 27.430775], [89.675225, 27.43071], [89.674435, 27.43015], [89.674325, 27.43006], [89.674235, 27.42995], [89.67417, 27.42983], [89.67412, 27.4297], [89.6741, 27.42956], [89.674005, 27.428205], [89.674005, 27.4282], [89.674, 27.4282], [89.674, 27.428195], [89.673195, 27.42774], [89.673195, 27.427735], [89.67319, 27.427735], [89.67154, 27.42785], [89.671535, 27.42785], [89.671535, 27.427855], [89.67153, 27.427855], [89.670905, 27.428795], [89.6708, 27.42892], [89.670675, 27.429025], [89.67053, 27.429095], [89.67037, 27.42914], [89.670145, 27.429175], [89.67014, 27.429175], [89.669345, 27.42975], [89.6693, 27.429775], [89.669295, 27.429775], [89.669295, 27.42978], [89.66897, 27.430005], [89.668845, 27.430075], [89.66871, 27.430125], [89.66857, 27.43015], [89.668425, 27.430145], [89.66704, 27.42999], [89.667035, 27.42999], [89.667035, 27.429995], [89.66703, 27.429995], [89.66703, 27.43], [89.66703, 27.430005], [89.66703, 27.43001], [89.66703, 27.430015], [89.667695, 27.432285], [89.66772, 27.432435], [89.66772, 27.432585], [89.667695, 27.43273], [89.66764, 27.43287], [89.667555, 27.432995], [89.667455, 27.433105], [89.666935, 27.43356], [89.66693, 27.43356], [89.66693, 27.433565], [89.66696, 27.43371], [89.66698, 27.433865], [89.666965, 27.43402], [89.66692, 27.434175], [89.66685, 27.43431], [89.66675, 27.43443], [89.66668, 27.43449], [89.666675, 27.43449], [89.666675, 27.434495], [89.666425, 27.434705], [89.66642, 27.434705], [89.66642, 27.43471], [89.66642, 27.434715], [89.666415, 27.43473], [89.666385, 27.43484], [89.66631, 27.43498], [89.66621, 27.4351], [89.666085, 27.4352], [89.66595, 27.43527], [89.665795, 27.435315], [89.66464, 27.43553], [89.664635, 27.43553], [89.66463, 27.43554], [89.664615, 27.43555], [89.66454, 27.435615], [89.66441, 27.43569], [89.66426, 27.43574], [89.66411, 27.43576], [89.663955, 27.43575], [89.663805, 27.43571], [89.66367, 27.43564], [89.663545, 27.43555], [89.663445, 27.435435], [89.66337, 27.435305], [89.66336, 27.43528], [89.66336, 27.435275], [89.662795, 27.4346], [89.662565, 27.43443], [89.66256, 27.43443], [89.662525, 27.434435], [89.662495, 27.434435], [89.662495, 27.43443], [89.66249, 27.43443], [89.662485, 27.43443], [89.662415, 27.43443], [89.662275, 27.434405], [89.66214, 27.43436], [89.66202, 27.434285], [89.66139, 27.433835], [89.661385, 27.433835], [89.660115, 27.433435], [89.65998, 27.433375], [89.659855, 27.433295], [89.65975, 27.43319], [89.659665, 27.433065], [89.659605, 27.43293], [89.65957, 27.432785], [89.659565, 27.432635], [89.65959, 27.43249], [89.659635, 27.43235], [89.659655, 27.43231], [89.659685, 27.432265], [89.659855, 27.43171], [89.65991, 27.43158], [89.65998, 27.431465], [89.660075, 27.431365], [89.66051, 27.430955], [89.660515, 27.43095], [89.660755, 27.430125], [89.66081, 27.429985], [89.66089, 27.429855], [89.660995, 27.42975], [89.66112, 27.42966], [89.661415, 27.42949], [89.66142, 27.42949], [89.66142, 27.429485], [89.66236, 27.427855], [89.66236, 27.42785], [89.66236, 27.427845], [89.66236, 27.42784], [89.66102, 27.42654], [89.661015, 27.426535], [89.66101, 27.426535], [89.66098, 27.426515], [89.6604, 27.42615], [89.66029, 27.426065], [89.660225, 27.425995], [89.66022, 27.425995], [89.66021, 27.425985], [89.66021, 27.42598], [89.660205, 27.42598], [89.660205, 27.425975], [89.65632, 27.423965], [89.656195, 27.42388], [89.656085, 27.423775], [89.655995, 27.42365], [89.65545, 27.42269], [89.655395, 27.422575], [89.65536, 27.42245], [89.65524, 27.421815], [89.655225, 27.421635], [89.655245, 27.421105], [89.655265, 27.42094], [89.655325, 27.420785], [89.655415, 27.42064], [89.65554, 27.42048], [89.655545, 27.420475], [89.655625, 27.419765], [89.655625, 27.41976], [89.65544, 27.41905], [89.655415, 27.418895], [89.65542, 27.418745], [89.655455, 27.41859], [89.65552, 27.41845], [89.655605, 27.41833], [89.65561, 27.41833], [89.655615, 27.41833], [89.655615, 27.418325], [89.655615, 27.41832], [89.655615, 27.418315], [89.65561, 27.418315], [89.65561, 27.41827], [89.655625, 27.4181], [89.655675, 27.417935], [89.65576, 27.417785], [89.65583, 27.417705], [89.655835, 27.4177], [89.655855, 27.417675], [89.655885, 27.41765], [89.655885, 27.417645], [89.65589, 27.417645], [89.65589, 27.41764], [89.65574, 27.41677], [89.65574, 27.416765], [89.655735, 27.416765], [89.655735, 27.41676], [89.655725, 27.41674], [89.65569, 27.416645], [89.65567, 27.41649], [89.655675, 27.41634], [89.655695, 27.41624], [89.6557, 27.41622], [89.655705, 27.416215], [89.655705, 27.41621], [89.655705, 27.416205], [89.655645, 27.41604], [89.655605, 27.41588], [89.6556, 27.415715], [89.65563, 27.41555], [89.656125, 27.41385], [89.65619, 27.4137], [89.65628, 27.413565], [89.656395, 27.41345], [89.656535, 27.41336], [89.656685, 27.413305], [89.656845, 27.41328], [89.657065, 27.41327], [89.65707, 27.41327], [89.65707, 27.413265], [89.657075, 27.413265], [89.65734, 27.41275], [89.65741, 27.41264], [89.6575, 27.412545], [89.6576, 27.41246], [89.65776, 27.412355], [89.657765, 27.41235], [89.657765, 27.412345], [89.657775, 27.412295], [89.657815, 27.412145], [89.657885, 27.41201], [89.65798, 27.411885], [89.658095, 27.411785], [89.65823, 27.41171], [89.658375, 27.41166], [89.658525, 27.411625], [89.65853, 27.411625], [89.65853, 27.41162], [89.65854, 27.411605], [89.658615, 27.411505], [89.65872, 27.411405], [89.658845, 27.411325], [89.658985, 27.41127], [89.65992, 27.411], [89.659925, 27.411], [89.659925, 27.410995], [89.66012, 27.41077], [89.66012, 27.410765], [89.66012, 27.41076], [89.66012, 27.410755], [89.658785, 27.409735], [89.65878, 27.409735], [89.65798, 27.409925], [89.657835, 27.409945], [89.657685, 27.409935], [89.65754, 27.4099], [89.657405, 27.40984], [89.657285, 27.40975], [89.65652, 27.409095], [89.65652, 27.40909], [89.656515, 27.40909], [89.65651, 27.40909], [89.65651, 27.409095], [89.656505, 27.409095], [89.656015, 27.40966], [89.655925, 27.40975], [89.655815, 27.409825], [89.65484, 27.41039], [89.65484, 27.410395], [89.654835, 27.410395], [89.654835, 27.4104], [89.65479, 27.41068], [89.654755, 27.41082], [89.654695, 27.410955], [89.65461, 27.41107], [89.65451, 27.41117], [89.65439, 27.41125], [89.654345, 27.411275], [89.654335, 27.411275], [89.65433, 27.411275], [89.65433, 27.41128], [89.654015, 27.411605], [89.65378, 27.41199], [89.65378, 27.411995], [89.65378, 27.41216], [89.653765, 27.41232], [89.653715, 27.412475], [89.65364, 27.412615], [89.653535, 27.412735], [89.65341, 27.41283], [89.65327, 27.412905], [89.65296, 27.41302], [89.652955, 27.41302], [89.652955, 27.413025], [89.652955, 27.41303], [89.652935, 27.413075], [89.65293, 27.413085], [89.652855, 27.413205], [89.65276, 27.41331], [89.652555, 27.413505], [89.65255, 27.413505], [89.65255, 27.41351], [89.65246, 27.413855], [89.652395, 27.41402], [89.65229, 27.414165], [89.65216, 27.414325], [89.652155, 27.414325], [89.652155, 27.41433], [89.652165, 27.41437], [89.65217, 27.414385], [89.65218, 27.414525], [89.652165, 27.41467], [89.652125, 27.414805], [89.65209, 27.414905], [89.65203, 27.41502], [89.651955, 27.415125], [89.651865, 27.41522], [89.651285, 27.415715], [89.65128, 27.41572], [89.651075, 27.41642], [89.65102, 27.416555], [89.65094, 27.41668], [89.65084, 27.416785], [89.65072, 27.416875], [89.65059, 27.416935], [89.650055, 27.41713], [89.650055, 27.417135], [89.65005, 27.417135], [89.64939, 27.41867], [89.649295, 27.418835], [89.648875, 27.41939], [89.64887, 27.419395], [89.648595, 27.4207], [89.64854, 27.420865], [89.64845, 27.42102], [89.6479, 27.42173], [89.64775, 27.42188], [89.647085, 27.422385], [89.64708, 27.42239], [89.646705, 27.423245], [89.646635, 27.423375], [89.646535, 27.42349], [89.64642, 27.423585], [89.64423, 27.425055], [89.644225, 27.425055], [89.644225, 27.42506], [89.644195, 27.425145], [89.644135, 27.425275], [89.644055, 27.42539], [89.643955, 27.42549], [89.64384, 27.425575], [89.643765, 27.425605], [89.64376, 27.42561], [89.64373, 27.425625], [89.643695, 27.425635], [89.64369, 27.42564], [89.643685, 27.42564], [89.643685, 27.425645], [89.64367, 27.425975], [89.64367, 27.42598], [89.643675, 27.42598], [89.643675, 27.425985], [89.64368, 27.425985], [89.643685, 27.425995], [89.64377, 27.42608], [89.64385, 27.426215], [89.643905, 27.42636], [89.64393, 27.426515], [89.64394, 27.42662], [89.64393, 27.42678], [89.643895, 27.426935], [89.643825, 27.42708], [89.64379, 27.427125], [89.64377, 27.42716], [89.643765, 27.427165], [89.64376, 27.427165], [89.64334, 27.42804], [89.643335, 27.42805], [89.643335, 27.428055], [89.64328, 27.42814], [89.64328, 27.428145]]]}, "properties": {"saz_id": null, "town": "Thimphu", "db_town": "Thimphu Thromde", "dzongkhag": "Thimphu", "lap_name": "Southern Thimphu", "area_code": "03", "zone_type": "division \u00b7 17 LAPs", "local_area_group": "Southern Thimphu", "division": "Southern Thimphu", "index": 58.8, "has_data": true, "category": "Moderate liveable", "color": "#D4F1DB"}}]}